FileName,iou_score
5OTRV76xxeI_000036_000046_4.5_6.6,0.002600931
S4K3be6Bhao_000020_000030_2.0_5.0,0.016753899
Y4s1ZsiFuhQ_000090_000100_1.5_5.0,0.01987325
vRfRQJfTHiE_000030_000040_3.5_9.0,0.008298388
O8CrIlFXN1I_000030_000040_3.0_10.0,0.009396228
1FAkjQEynS4_000378_000388_4.5_9.5,0.015857037
XcFKQKjv0-o_000011_000021_0.0_7.0,0.0027186258
ayZClbRuLTQ_000111_000121_0.0_4.5,0.0012811446
U64aZ1NDXX4_000000_000010_1.0_4.0,0.012771334
V16JPartWQ8_000042_000052_1.0_4.0,5.0625868e-06
231-4GOUaDQ_000014_000024_7.0_10.0,0.0007852263
9hh5XknlASk_000121_000131_3.0_8.5,0.014038658
9kNLBpyWntg_000320_000330_1.5_4.5,0.0033460704
JE0ThPjXiK0_000029_000039_6.0_9.0,0.0021001059
Blmiz18_bZw_000008_000018_4.5_8.5,0.0021928025
ZINFbbyA_-M_000020_000030_0.0_3.0,0.067861006
AacxoIwQPMs_000066_000076_0.0_6.0,0.00017387143
hvhoZnyqYZI_000004_000014_6.0_9.5,0.0007676895
FX7m8rS8Ac4_000011_000021_2.0_4.1,0.0036191384
pK92ULXMrfE_000007_000017_0.0_3.0,0.0016955617
pG7eSZDHtfg_000030_000040_4.5_7.5,0.04326199
ymdpE68f1mw_000073_000083_5.5_8.5,0.007248508
s2oC2fJOytc_000074_000084_3.5_6.5,0.0013606852
5ogQ88sOAkA_000089_000099_4.0_7.0,0.012703782
y7dQgXUvR0c_000155_000165_5.5_8.0,0.00084243034
26-HMlPhve4_000020_000030_2.0_5.0,0.005455006
PaZ4aVEsPsE_000019_000029_1.5_8.5,0.1554763
Fon1IZ0fRSI_000000_000010_2.5_8.0,0.005517658
TIKsda31Sqs_000175_000185_7.0_10.0,0.019026948
W4oYuYGMwdw_000841_000851_0.0_3.0,0.006719993
FnJIoPY7gBE_000076_000086_1.5_6.5,9.389052e-05
MBICpOiWZks_000014_000024_2.5_8.5,0.00024556287
zF96Fvq3k9U_000150_000160_0.5_7.5,0.036393505
e1j5vGO5Knw_000110_000120_0.0_3.0,0.007686117
j1NgLtsilag_000010_000020_2.0_6.5,0.0012763527
F_w7uu4hmLU_000004_000014_0.0_10.0,0.0059383446
Jf_1BlsFO5s_000000_000010_0.0_7.0,0.010329626
K3CenN7d30Y_000030_000040_0.0_3.5,0.002585505
GwlX_hzX6q4_000044_000054_0.0_3.5,0.013278407
_JS6F_WP17w_000010_000020_4.5_7.5,0.0060438765
Rp37k5_Eci0_000030_000040_6.5_10.0,0.006426167
L_ucgLAe-TA_000599_000609_0.0_10.0,0.002867026
gkwJu2BtXZc_000060_000070_5.0_9.0,0.01843653
ItDPycjEE5s_000036_000046_4.0_7.0,0.0031561381
iuozNmF5TcI_000037_000047_0.0_3.0,0.000600327
MTi0XWcAnNM_000007_000017_5.0_9.0,0.003808276
8mU1Q6ffIqg_000023_000033_0.0_3.0,0.012982113
RxP-p8Twx7k_000020_000030_4.5_7.5,0.008233611
tEfjBCYLEVI_000011_000021_4.0_8.5,0.0058042887
S7n8hhwq2GY_000039_000049_0.0_3.0,0.0042978497
QFwyb-tbu6E_000090_000100_2.0_5.0,0.008665938
0sIYpf3_JWQ_000058_000068_0.0_5.0,0.0005765717
5WbYvoqG3fo_000138_000148_4.0_9.0,0.0027812242
8TPLOn32v3E_000153_000163_5.5_9.5,0.013583177
LS1BpvHTIeg_000007_000017_4.0_7.0,0.0063674725
Yk1_O1SvfRs_000046_000056_1.5_5.5,0.00038882144
iC1jyQEyhWw_000030_000040_4.0_8.5,0.0030525671
E_dwrbgSKo8_000070_000080_6.0_9.0,0.022316894
MSDd1LxNV-Q_000010_000020_3.0_6.0,0.013078996
AHE-a1k3mxE_000140_000150_5.0_8.0,0.0068732435
CvN_oC0AGvM_000340_000350_1.0_4.0,0.00057981815
LMrVjK1otdM_000131_000141_2.0_6.0,0.0037312347
UfAH9j7mCbA_000000_000010_6.0_9.5,0.03885803
Sf0aZczIZVU_000040_000050_0.5_9.5,0.050474927
tdC33AXcezQ_000007_000017_1.0_7.0,0.004566198
j1NgLtsilag_000010_000020_0.0_4.0,0.0018031965
UR0l-ggYOfg_000041_000051_6.0_10.0,0.0034286825
5kXRSxMRZGw_000043_000053_1.5_6.5,0.0057402872
7FLyXxWy7Mo_000067_000077_0.0_5.5,0.010911122
-L2ku2l9i5M_000020_000030_0.0_4.5,0.002801923
LSA8ZgjlFJ0_000080_000090_0.0_3.5,0.003784231
uxZ-S4brnRs_000047_000057_0.0_9.0,0.05386569
pC24FU_7YNs_000083_000093_0.0_3.5,0.004640683
ChQBX_ySnbM_000000_000010_1.0_4.0,0.0040859436
rCsTXFZOSvA_000078_000088_0.0_2.1,0.0087119015
VpzLTe_OU1Y_000029_000039_5.0_8.0,0.007230902
ItDPycjEE5s_000036_000046_2.5_6.0,0.0033751435
EN5AwM98F5A_000010_000020_1.0_5.0,0.0016463891
Ey7CIPAeqsY_000030_000040_3.5_6.5,0.005119053
G-KeLQQ-84k_000030_000040_5.5_9.5,0.014056037
RH7IVn9jk6k_000024_000034_0.0_5.0,0.012309027
JwJAh2X6btc_000010_000020_1.5_6.0,0.0018429481
F2eQfy5SN3A_000225_000235_0.0_3.0,0.0017024947
HLtnf4PKGFs_000030_000040_2.5_4.6,0.0045288466
U4RRMpX2wCU_000010_000020_0.0_3.0,0.012211926
VDRFEN6GQTU_000106_000116_4.5_8.0,0.0012210134
8RQReyEWDdA_000136_000146_6.5_8.6,0.0032235438
3gaT_BhYSIY_000070_000080_0.0_10.0,0.015701106
t6ptMKWbhew_000054_000064_4.0_7.0,0.0043677394
L_ucgLAe-TA_000436_000446_0.5_3.0,0.040350236
fPCwL7tr72A_000001_000011_2.5_7.5,0.0022561455
_MDHC7_a63w_000120_000130_5.0_9.0,0.0008520027
p0Y5-_l4D-s_000018_000028_0.0_3.0,0.002492492
LxMz0jCETIk_000030_000040_2.5_5.5,0.011464812
S5a0hCfl0fY_000060_000070_1.0_4.5,0.016495649
r1JpF0ovMFA_000034_000044_2.5_6.0,0.0051735765
WGhLHnIrO98_000065_000075_6.5_9.5,0.0012407257
I0uqJiuZGcI_000087_000097_0.0_5.5,0.006970645
zcX7z-03aLM_000006_000016_2.5_6.0,0.013946901
a5fNyewhE8k_000030_000040_1.0_4.0,0.0040687243
KA0aPcQLEps_000027_000037_2.5_5.5,0.003942864
AiKYxZSTvrE_000030_000040_0.0_3.0,0.00215209
5nAvo9b2_SY_000020_000030_5.0_10.0,0.004043385
l0drdxSOlCM_000020_000030_3.0_6.0,0.0135098
01vFr9LE3Vo_000518_000528_2.0_6.5,0.010216878
F3t3NRFYM_Q_000010_000020_4.0_7.0,0.0006860479
jPa8ADhmpbk_000043_000053_2.5_5.0,0.003000518
9alAw7uN_1Q_000106_000116_0.0_3.0,0.00022567429
XyV6vd8FxH4_000048_000058_3.0_6.5,0.0058680987
RmlRtk4xbE8_000443_000453_0.5_8.0,0.009631559
Sbo4kYSnOuk_000010_000020_6.0_9.0,0.007195743
kpzzQWZ_K3s_000030_000040_4.0_7.0,0.012991397
QflNRgKJPkU_000028_000038_7.0_10.0,0.012892216
HY_lPyHyqLU_000183_000193_6.0_10.0,0.00033892813
UPKnkMX8moM_000015_000025_0.5_3.5,0.005545692
03fGTwkSBWs_000289_000299_0.0_5.0,1.7872118e-05
i_hhSKWxzeU_000038_000048_4.0_9.5,0.0035243207
tYzH5rkbuBQ_000000_000010_1.5_5.0,0.0
VKu9ckxmhAw_000010_000020_0.0_4.0,0.0013240096
9jVX4RuJ774_000390_000400_2.5_6.5,0.07673302
IWr6t7Z1mvg_000000_000010_2.5_6.5,0.028740471
2WJ5SDQVTmw_000004_000014_7.0_10.0,0.0024389
TOjkzdLprPY_000209_000219_0.0_7.5,0.004956445
L-EAZxnYi58_000063_000073_2.0_5.0,0.01284631
Jqwl7uvN65w_000150_000160_4.0_9.5,0.005670076
JAC0_tcY0T8_000030_000040_1.5_4.5,0.0045643374
IsuhuBVJg4A_000129_000139_0.0_3.5,0.0038779355
73KLTq7YHlI_000022_000032_0.5_3.5,0.0033472432
4vcwMj0sL9E_000105_000115_3.0_8.5,0.0042350586
aeiXr2U079g_000030_000040_1.5_4.5,0.004509362
E55BlYjxCYY_000011_000021_0.0_3.0,0.0001796094
tgXWJEZzFHE_000056_000066_0.5_4.5,0.0034090457
5-FM0mCYups_000003_000013_3.5_6.5,0.00037978828
AYiactWYCrc_000030_000040_0.5_10.0,0.0644644
0_1Jo7NAhl4_000149_000159_2.5_6.0,0.00828742
eRsuAfoCN8A_000008_000018_6.5_9.5,0.0021815558
WjFE24n17q4_000160_000170_2.5_8.5,0.0160983
cRt6_axWZqY_000020_000030_6.5_10.0,0.010091418
CtUZ9HljxMQ_000021_000031_0.0_5.0,0.005974315
fjhqZxE-USo_000024_000034_0.0_4.0,0.00809503
PUTvgrTcdZ0_000014_000024_0.0_5.0,0.0015845718
noA2J5tXBS8_000090_000100_1.5_5.5,0.019550875
2gWhL4gNvm4_000139_000149_5.0_9.5,0.0028991632
MrrxA1Doh-g_000007_000017_4.0_9.5,0.0042811097
E-G6U1bpxME_000030_000040_0.0_9.5,0.12249263
tq3Hlgw2ZB0_000180_000190_1.0_3.1,0.003188534
Ffvr7pHqzUQ_000030_000040_1.0_9.0,0.009562959
l_SEPV8JB1U_000010_000020_2.5_10.0,0.010363438
i03HKYPv-lg_000169_000179_1.0_5.0,0.015997373
qChtz-3LhT0_000194_000204_0.0_10.0,0.0064337426
IGikBxNZsf0_000046_000056_0.0_4.0,0.011475515
M7Xdwghu5Dc_000010_000020_2.5_5.5,0.0027020078
dK6eZGeDjZg_000148_000158_1.5_4.0,0.0033890132
MTL8-cVoP64_000169_000179_0.0_3.5,0.0070781917
C7OFEkOdODo_000030_000040_0.5_10.0,0.05752013
BGxO2zGGWZE_000030_000040_4.0_7.0,0.0068296692
627AYcRYuq4_000128_000138_0.0_4.5,0.027861152
NRWlHRvaDcQ_000788_000798_0.0_4.0,0.018336397
12lHWBzDR9E_000030_000040_1.5_10.0,0.0027223686
qChtz-3LhT0_000381_000391_0.5_7.0,0.02393223
UmW_hSc4M18_000000_000010_2.0_6.0,0.0019443271
7lTxJy-TVZU_000020_000030_0.0_3.5,0.0030124348
8fDeRi8Lqyg_000040_000050_6.0_10.0,0.006980482
OETKlLnE5vI_000002_000012_5.5_10.0,0.0030157228
is7dPshLAtE_000060_000070_3.0_7.0,0.00552699
uxEdTjXT-rs_000030_000040_1.0_5.0,0.19561076
UgQQQsUJdEM_000395_000405_1.0_4.0,0.0036272912
WCmT-E21BKs_000003_000013_2.5_6.0,0.013274195
Hj6SLH_KCIs_000050_000060_4.5_7.5,0.008389742
h-tymXHl5PE_000011_000021_0.0_10.0,0.018507212
MN4D-0ukfJY_000001_000011_5.5_9.0,0.0021294246
UUgdbqt2ON0_000359_000369_1.5_5.5,0.042008482
QN1uy0xvTQE_000030_000040_3.0_8.5,0.33772513
NDsC25x_gUI_000060_000070_0.0_6.5,0.017716603
88jxgPY-dQk_000050_000060_1.0_10.0,0.0019403183
QnLbyf0QHPE_000095_000105_0.0_8.0,0.0024441541
OIGvCw4UUYk_000616_000626_3.0_10.0,0.00456521
eQRSBs5ox7I_000094_000104_5.5_10.0,0.0007845999
-j9x-d4ZqtY_000030_000040_0.0_9.5,0.10442507
q94etpfMB3A_000048_000058_4.0_8.0,0.004575949
AcDC26-jBvw_000039_000049_2.5_9.5,0.008165734
p_He36sZ-4A_000052_000062_0.0_2.0,0.028801845
n_YeYjbyJu8_000000_000010_1.5_4.5,0.0019227882
7ku02jRDGNY_000050_000060_1.0_10.0,0.109963715
FIpCyWCy9Qc_000030_000040_0.0_9.5,0.042358935
D3UAF0gje7Q_000109_000119_1.0_4.0,0.0019974739
Fe_HtA5zw9U_000012_000022_5.0_9.0,0.000103656166
NWWyjuR7TV0_000216_000226_6.9_9.0,0.0018807197
i60k4LXneng_000016_000026_4.0_7.0,0.00508272
pRc_dHSgMJw_000015_000025_6.5_9.5,0.0014381629
c8-8HN6LPN4_000030_000040_5.5_10.0,0.010399715
g9_h4EwltJc_000138_000148_0.0_8.0,0.017261676
6xZZQ9muKZI_000024_000034_6.5_9.5,0.0020185555
-Wigi5NZWPY_000047_000057_0.0_3.0,0.0064723524
_5An8FmGzxw_000009_000019_0.5_7.0,0.005768928
figAt3ZN1Iw_000028_000038_0.0_4.0,0.0026825261
YROOI2kKvGw_000260_000270_0.5_3.5,0.1109138
jyqjN_ua8KA_000185_000195_3.5_6.5,0.0037632878
jb20hKUYHYo_000013_000023_2.5_7.0,0.0015042152
33_YqohDPpE_000250_000260_7.0_10.0,0.026461614
gcBUpboDmjc_000033_000043_1.0_5.0,0.016980546
G6XFRkbW1wQ_000030_000040_0.0_10.0,0.011189572
ASNVv0gTdCM_000020_000030_3.0_6.5,0.0048580314
NF1lwZ24RYI_000030_000040_6.0_10.0,0.012279667
eVgrRexV12g_000237_000247_2.5_5.0,0.0034320164
MIx6I90Y-LU_000015_000025_0.0_3.5,0.0024389634
btiGpTrcya8_000077_000087_0.0_5.0,0.0046959296
X6pk3KmN4t0_000010_000020_6.0_10.0,0.0004897064
KxnOBDMruGw_000110_000120_2.0_5.5,2.8279766e-05
gnkCCLn5FFw_000020_000030_7.0_10.0,0.0051293233
QuFBR2CYeyA_000149_000159_0.8_3.0,0.000634922
eAHTadOobKQ_000070_000080_1.5_4.5,0.0056149494
QHqNbN6mo1Q_000013_000023_4.5_7.5,0.0002495501
tXV_3QVK1I0_000004_000014_4.5_8.5,0.002743284
yJBX0Wp-6B4_000374_000384_5.0_8.0,0.0038482351
hKR3zSW9qLk_000020_000030_0.0_6.0,0.00041584877
Yeo8mSgMuvw_000352_000362_0.0_3.5,0.0036164748
3m_ijwtjBV8_000041_000051_4.5_8.5,0.006266102
WKlfyztuZ7I_000062_000072_0.0_3.0,0.0
evoTQV0R2Dw_000016_000026_1.4_3.5,0.006464367
9S4-bVB6v0Q_000005_000015_0.0_10.0,0.011684401
_ZC6yk5iE1I_000026_000036_3.0_9.0,0.0030531408
0s49D-LqHwg_000030_000040_2.0_5.0,0.05070891
2OLXoKxJ1qg_000030_000040_0.0_4.5,0.0017838819
LDtSR-Wnu8I_000090_000100_0.5_9.0,0.015162213
yUZMpGwS-OI_000230_000240_2.5_6.5,0.008806921
_i4LB1MpHj4_000110_000120_2.0_6.0,0.12384427
x97K7LfXfEs_000073_000083_0.5_5.0,0.032871585
i4woNas3E00_000150_000160_0.0_3.5,9.269485e-05
_cW-ybXSseo_000017_000027_3.5_6.5,0.0006687793
qNjfHGbv6PU_000033_000043_6.0_9.5,0.008434953
Sc-Nrze92ps_000014_000024_6.5_10.0,0.0036976952
1DKds_ZQnzM_000190_000200_4.0_7.0,0.028919429
Ty-z2SgEEp0_000056_000066_5.0_8.0,0.005017037
Yvx9iGdJaWA_000024_000034_6.0_9.5,0.006785457
h5xjZrd4nhc_000052_000062_2.5_5.5,0.0039885864
WKY-QgdWR1Y_000070_000080_2.5_6.0,0.009427786
csz8nquY3Yw_000000_000010_7.0_10.0,0.016755644
1AfCMvhZJVY_000040_000050_0.5_3.5,0.012229758
70EYv6ihyhQ_000030_000040_0.5_4.0,0.0006398467
pYsT6PjPaFY_000030_000040_0.0_5.5,0.0014997678
pdQyaAGodI0_000004_000014_3.5_7.0,0.002399638
EVaKVCwJJrQ_000001_000011_5.5_10.0,0.0018388237
tpMkAZeyYeU_000090_000100_4.5_7.5,0.0033548418
4PQAJ_WycUo_000012_000022_1.0_4.0,0.012311362
nMXQuXm6qPE_000086_000096_3.0_7.0,0.0026796225
KIa0xMnogjQ_000080_000090_1.0_4.0,0.042627636
5gRTZ8Wuy0s_000024_000034_0.0_3.0,0.0005605474
flBsIp0uJAU_000017_000027_0.0_3.0,0.000100424586
wNQ3qOpy2Eo_000150_000160_1.5_5.5,0.014591613
p_cCf3qT6nI_000010_000020_3.5_6.0,0.030625338
1gadod9llZY_000046_000056_4.5_8.5,0.0015381611
KRn0pi_BArA_000010_000020_0.0_3.5,0.0034176302
-kWBXffnROc_000030_000040_2.5_7.0,0.039787747
UP-22ZNzDb8_000202_000212_2.5_5.5,1.976373e-05
jnRCX16EwrM_000050_000060_4.5_8.0,0.021816125
-sgvu4UC_KA_000649_000659_3.0_7.0,0.0018863814
CpKmvzqO8jU_000000_000010_4.0_7.0,0.004943129
BZK5xQsIMfs_000020_000030_4.0_8.5,0.007180988
OL0_rg-0sbk_000033_000043_4.5_6.5,0.011527608
VnKBb809id4_000174_000184_1.5_4.5,0.018809477
mChhpAJCo98_000243_000253_0.0_3.5,0.0036065278
d-adbXZYHxI_000006_000016_6.0_9.5,0.0043525165
bmNjHkoEmLQ_000001_000011_0.0_8.5,0.008238193
-mMT5qn4yiI_000302_000312_1.0_4.0,0.0042454978
KLAI62kdOJU_000121_000131_2.0_5.5,0.002384123
850PpzdYeUU_000000_000010_1.5_8.5,0.00426026
j_vYvL6VH8g_000012_000022_2.5_5.5,0.0032588101
73KLTq7YHlI_000022_000032_3.0_9.0,0.0011717039
0Cw7T_rMgn0_000002_000012_1.0_5.0,0.0041982676
a-X7Ri2jEzE_000090_000100_0.5_3.5,0.0006215365
nsgcHvB9WA4_000003_000013_0.0_3.0,0.0034092898
T0Epkxs28YM_000002_000012_5.5_10.0,0.0018787938
p7LBQbIrh68_000030_000040_6.5_9.5,0.019554282
fCAnce0whF4_000079_000089_7.0_10.0,0.00020713177
t2xJjZp1D1E_000009_000019_0.0_3.0,0.007858172
lVkkV34YZBE_000275_000285_2.0_5.0,0.0006425729
DqqNskxq6MY_000111_000121_7.0_10.0,0.0016535133
gCcwf1oDROA_000010_000020_2.0_7.0,0.01716335
EXrUYmn6SXc_000045_000055_0.5_4.0,0.008852327
dGuAq-B_O9c_000030_000040_4.0_9.5,0.036021154
XLBPzBDvu3U_000031_000041_0.5_4.0,0.0035469944
2ngbRYHDfWY_000025_000035_5.5_9.0,0.00079164293
UabHrqsUlRY_000014_000024_0.0_7.0,0.000514294
3yXCtpvjz6E_000017_000027_1.0_4.5,0.0075007086
EU77OQhy3V4_000019_000029_0.0_3.0,0.027174737
zm-1vgWuexY_000030_000040_5.5_8.5,0.011397109
I3kPmcHvMrg_000030_000040_2.5_6.5,0.019013671
M_P-Md-SsQ4_000007_000017_5.5_8.5,0.00058447476
30OKuAy9LNs_000035_000045_0.0_3.0,0.0022136688
1IrbIhduwYQ_000010_000020_0.0_7.0,7.739044e-06
QQmDfHX_nvY_000022_000032_0.0_4.5,0.341494
gBbgK1MNsNQ_000001_000011_0.0_10.0,0.00029500842
b_abDWAF8CU_000111_000121_0.0_3.0,0.0002946137
0TqOnQyMK_Q_000114_000124_3.5_6.5,0.0046218475
lfcuxdnxpXc_000030_000040_1.0_9.5,0.040780693
hAOOvEmAY7c_000012_000022_2.5_8.0,0.0043939548
DJrbJW3TG9k_000030_000040_0.0_3.0,0.0117718885
HdoWq76rxDw_000162_000172_0.0_4.0,0.004325543
1dac7pLj_do_000070_000080_0.0_3.0,0.0017189579
GAPamRQg0FE_000194_000204_5.0_8.0,0.0050763856
dnWZREiV5d4_000049_000059_0.0_7.5,0.0002388993
RF-ULxC-GkA_000064_000074_3.5_8.5,0.0054450016
TaXGnHoNBQI_000329_000339_3.0_6.0,0.0019613325
czaj1HwZFYk_000180_000190_0.0_10.0,0.0739257
B9ZQfpwK--8_000050_000060_0.0_4.0,0.0026779692
fWqXK1PQfOc_000134_000144_2.5_5.5,0.0041092657
C7vXquUH5YE_000047_000057_4.5_9.0,0.0060026967
BVPplYVpLAE_000448_000458_4.5_7.5,0.035183445
_f7qCwXJQmQ_000035_000045_1.0_4.0,0.057476006
XcFKQKjv0-o_000011_000021_6.5_10.0,0.00086060795
AiKYxZSTvrE_000030_000040_3.0_6.0,0.0033334696
7ecNoAOaOfs_000169_000179_1.0_5.0,0.025929857
IQmrVcRT-oI_000020_000030_5.5_10.0,0.001181047
bmNjHkoEmLQ_000000_000010_2.5_9.5,0.00929214
JuZ7UH1vqSQ_000070_000080_2.5_6.0,0.007187663
LyUa30uGBhQ_000017_000027_0.0_8.5,0.0042855814
A6GuZLAVqbI_000110_000120_0.5_4.5,0.001265493
SzmltlCOGec_000040_000050_1.5_10.0,0.012273326
5t4h4az7CzQ_000030_000040_0.0_9.0,0.019555805
KsDnCbk_5x4_000041_000051_5.5_10.0,0.0082703605
CS6gtfNSJ1E_000030_000040_0.5_9.0,0.054911446
vdpdD71a8cs_000100_000110_0.0_7.0,0.0011681841
fIzqm8CUV3k_000069_000079_0.5_3.5,0.0
1MBnwefvWRI_000019_000029_0.0_4.0,0.0046849092
Z_9HH5leLp0_000090_000100_3.0_6.0,0.00782685
5ogQ88sOAkA_000108_000118_0.5_3.5,0.009912298
XTDo4OaFapg_000100_000110_1.0_6.0,0.002057801
alPl2XBo9NI_000068_000078_1.5_5.5,0.004163822
9FG92B_xVXo_000040_000050_0.0_4.0,0.015226269
JBf4YmzFvuI_000030_000040_4.0_8.0,0.044776462
BBgW_3zDdto_000030_000040_2.0_5.0,0.009708763
J7CT4ItmR_8_000000_000010_3.5_7.0,0.0032403988
fLEM7amr21o_000250_000260_1.5_4.5,0.00027170635
V69i0H3grog_000028_000038_2.0_5.0,0.010143602
b9Jzj2cmWvQ_000010_000020_4.5_10.0,0.020092823
6wHFhrAqt5Q_000023_000033_5.5_8.5,0.001775163
QUvop5uXVNM_000015_000025_4.0_7.0,0.0030716464
wbXItUDliuo_000087_000097_0.0_3.0,0.0030728863
5F3K1zjINMo_000030_000040_0.0_4.5,0.06120734
Enta6MkaWF8_000339_000349_1.0_4.0,0.0032712496
cPkmeDIcyVA_000030_000040_2.0_5.5,0.0013514573
e5fApHXb3sQ_000163_000173_0.0_4.0,0.004119453
GF0TW9afvTU_000344_000354_0.0_3.0,0.00034588162
m6PBJSI-HyI_000030_000040_7.0_10.0,0.014097571
JF4V_YfGiRw_000073_000083_0.5_4.0,0.0017432908
GMW2jeYLrhk_000100_000110_3.0_10.0,0.002205581
Mwathy0O9jU_000043_000053_6.0_9.0,0.006438664
g5F9kDpxRaA_000014_000024_3.0_6.0,0.002574888
ddgAGEWxtxA_000137_000147_3.5_8.5,0.0030689081
5EcrQhp7We0_000040_000050_4.0_7.0,0.02848588
yiOmNFP0cHQ_000009_000019_5.5_9.0,0.0039442144
KHg9A1o9rCs_000006_000016_2.0_8.0,0.0021486066
NuX0FmQWKEo_000028_000038_0.5_4.0,0.006413747
FSAGhEQ3uFk_000003_000013_1.0_4.5,0.00803429
ATq96KU_biQ_000000_000010_4.0_10.0,0.008671732
MxlKNay7Kcs_000032_000042_1.0_3.5,0.0005133709
6UYP_v7eipM_000009_000019_7.0_10.0,0.0054778457
rva3qb0DOgo_000072_000082_3.0_6.5,0.0019061943
f-zF4trKRfQ_000050_000060_6.5_10.0,0.00029163263
PFJdUid8GYk_000074_000084_0.0_3.0,0.014163413
2DTCSeX3aUY_000030_000040_2.5_6.0,0.017055066
kX4-OMWCdCc_000150_000160_1.5_5.0,0.012195189
vcT8gClKYTs_000013_000023_0.0_10.0,0.011459001
16DCCYYdgmg_000030_000040_0.0_10.0,0.066267766
LhOobR33d9o_000025_000035_0.0_10.0,0.0021073984
HiM0cqYAV7Q_000020_000030_0.5_5.5,0.005272311
d3ttrRgTTK0_000170_000180_3.5_9.0,0.05116759
-1rZFviqTTQ_000028_000038_3.5_5.8,0.0006828509
_HtzgvcnscE_000280_000290_0.0_4.0,0.038753804
Be8b5mAGM4w_000020_000030_0.0_3.5,0.0042122845
olgOjusBWeY_000400_000410_4.0_9.5,0.0017576237
DdiIdDTQKck_000077_000087_0.0_7.0,0.001947457
rrWsWt-rDrQ_000100_000110_0.0_5.5,0.0130814165
92vVMZ4Zkcc_000000_000010_7.0_10.0,0.016359456
2C4P_aYRC0o_000006_000016_0.0_3.5,0.0039857645
p8yXmuyBW3o_000119_000129_5.0_10.0,0.019115722
Cg_I1pc51kg_000070_000080_1.0_4.0,0.0014739137
V_PAO7aiHpw_000040_000050_0.5_4.5,0.007891409
kU2p7MP0mgw_000073_000083_6.5_9.5,0.0084983045
-CxXxHczP_c_000010_000020_0.0_10.0,0.0034849623
KxnOBDMruGw_000092_000102_5.5_9.0,0.0022872703
jSjHIytiC_o_000090_000100_1.5_5.0,0.028566044
_KRuP36W9BM_000030_000040_1.5_4.5,0.013482747
P-Rdpdcoops_000030_000040_3.0_7.0,0.033406343
XYwcQhvLubY_000026_000036_1.5_9.0,0.01729326
V_PAO7aiHpw_000040_000050_6.5_10.0,0.013272398
I4JKaLOIEGs_000030_000040_3.0_6.0,0.0133437095
6vfqtuV6Law_000005_000015_1.5_4.5,0.0045034927
eQnMW0bOd_U_000037_000047_1.0_3.1,0.003914269
KLAI62kdOJU_000076_000086_5.5_8.5,0.0025355085
x76-gh2JVy8_000241_000251_2.5_8.5,0.005447633
KRn0pi_BArA_000010_000020_2.0_6.0,0.008600692
2ZgDseZJJ5M_000030_000040_4.5_7.5,0.021327632
GhJhxnqgKcc_000139_000149_1.0_5.5,0.0093481
uz2pxQKVBmY_000029_000039_0.0_4.5,0.0026429123
CC4Nk0kQXhg_000000_000010_3.0_6.0,0.0059882607
6ixbjAeCj1A_000056_000066_0.0_3.0,0.0046086735
mmJim2h-byQ_000166_000176_4.0_8.5,0.018910496
WacT0obM3D4_000030_000040_4.5_7.5,0.06944464
M60XROTcN7M_000385_000395_5.0_8.0,0.002050755
g82IFDEwOGU_000149_000159_1.5_4.5,0.0042745722
9j3QuUqaOmw_000130_000140_5.5_10.0,0.0038717818
6zrX3NgsL7U_000290_000300_0.0_9.5,0.033720076
F3rn7mVPQPo_000364_000374_3.5_6.0,0.002059172
bU6hVP0WtsI_000035_000045_4.0_8.0,0.009782816
CM5W31FRa7o_000030_000040_5.0_10.0,0.00605243
-KrDQXnlXRw_000010_000020_5.5_8.5,0.020199995
CP4AdJG80gY_000070_000080_1.5_4.5,0.008571684
7lTxJy-TVZU_000020_000030_0.0_6.0,0.007440107
SKeSRDMRpY0_000254_000264_3.8_6.0,0.0038489616
a3Iqv8K0_XE_000030_000040_2.5_6.0,8.436416e-05
6ZiqMB3DZXw_000161_000171_2.5_5.5,0.0015727326
Hn95jm9E1k4_000170_000180_2.0_9.0,0.008361978
9EIPbIexzQ4_000021_000031_0.0_3.5,0.009541484
a6z9eUhrr2U_000040_000050_0.5_4.0,0.002317415
h0CCPYOWv1Y_000039_000049_1.0_7.0,0.010085621
QfkbwASxFtU_000010_000020_1.5_4.5,0.000109806446
xwRG6hEHjcU_000080_000090_4.0_7.5,0.0047542914
akjqOhO0IM0_000010_000020_3.0_10.0,0.0028129257
GGf2EbHoL_w_000000_000010_0.0_3.0,0.009661554
g_qU4ljHrx8_000041_000051_0.0_4.0,0.017948447
Jg6SD0glsOY_000100_000110_1.5_7.5,0.05502555
yIYzyZzDnK8_000042_000052_0.0_7.0,0.005905185
4jW7xTLOjtc_000043_000053_1.0_7.0,0.003267358
2S3iohOt7oA_000408_000418_0.0_6.0,0.00010764032
du_EYG4422E_000008_000018_0.0_10.0,0.011295217
C5bp4lRcfJY_000043_000053_0.0_3.0,0.0016379985
KsDnCbk_5x4_000159_000169_0.0_4.0,0.0053398954
pdGU1Ku-c1I_000035_000045_7.0_10.0,0.007824907
hU9pd28hyhc_000003_000013_1.5_10.0,0.0018547856
oyluGCZUz54_000002_000012_0.0_3.5,0.0015321687
V66qyPGEE9A_000090_000100_4.5_8.5,0.004643318
Kh3n4kV2l2I_000030_000040_0.5_3.5,0.009248368
hMn-3pxXkp0_000066_000076_1.0_4.5,0.0042504165
1FZ1jJHyI7k_000030_000040_4.5_7.5,0.059214495
PnwTlG1aBdU_000086_000096_1.5_4.5,0.024545493
QirKIve2uow_000175_000185_1.5_6.0,0.0011452271
CKaZXYzkroE_000315_000325_6.5_10.0,0.0075334567
pLlHIfTP5R4_000030_000040_0.0_10.0,0.010187914
9U4iFcchO6g_000034_000044_0.0_4.0,0.0014754066
3sC1_hSF2bw_000042_000052_3.0_7.5,0.005627764
AGOtAd4xBhk_000154_000164_2.0_4.1,0.0010666971
ao6-Npm2Cbw_000030_000040_1.5_4.5,0.0027035805
3sC1_hSF2bw_000110_000120_1.5_6.0,0.0035522117
46zbt7TQHRs_000000_000010_4.5_8.0,0.004253997
GaDkBaCls8A_000083_000093_1.5_4.5,0.004417278
9l0yZyQ7GY4_000010_000020_2.0_6.5,0.00822324
DSp4wteM0Cs_000247_000257_6.0_9.5,0.0039793337
SNBh5fJRP-k_000030_000040_5.5_10.0,0.20762303
89lLjaKtXKU_000014_000024_6.0_10.0,0.015217263
y91DmqNJupw_000052_000062_2.5_5.0,0.0033540442
e_9Z9r1Rrzc_000030_000040_0.0_10.0,0.03453965
HPCXWDW7nZw_000098_000108_1.5_3.6,0.003620216
2FfmlSJA1Vk_000010_000020_3.5_8.0,0.040815033
78D2LLM46Uw_000030_000040_3.0_9.0,0.013057469
3v-bIXklazk_000005_000015_0.0_10.0,0.017626729
_2hpQeNbpR4_000020_000030_0.0_10.0,0.002074581
xoE7HGSfT-0_000412_000422_4.5_7.5,0.003144293
Ydj96K_cdFE_000000_000010_0.0_4.0,0.004390629
SlT08lJpQ48_000123_000133_0.0_5.0,0.008112606
8uzcz9as3Ow_000030_000040_0.0_10.0,0.09470942
ibVpmn8sOKA_000020_000030_2.5_5.5,0.006327788
Mzrlxd5MWn0_000030_000040_0.5_7.0,0.016307043
A58nnmnhfUo_000001_000011_3.5_7.0,0.0009009794
Finl-o3QHWI_000015_000025_6.0_9.0,0.006010486
eCqHJknk-eQ_000032_000042_4.0_7.5,0.003740537
rCsTXFZOSvA_000078_000088_4.5_7.5,0.006694524
ML66Le-Zf78_000025_000035_2.5_7.5,0.0063745137
B8m0Dau1HbM_000053_000063_0.0_2.0,0.0021141733
YoAWkEJ6pFw_000213_000223_7.0_10.0,0.00012444357
bk0HCbpn608_000010_000020_5.5_8.5,0.0029469824
7ecNoAOaOfs_000127_000137_6.5_10.0,0.04590153
r-Zku8Czrjc_000334_000344_0.0_8.5,0.024128703
bnqsQhk2yX0_000040_000050_0.0_3.5,0.0015526019
1qsFt1rd5zw_000071_000081_4.0_7.0,0.0030470314
3R4moG8zEWk_000274_000284_3.0_6.0,0.0028345836
McrtE1HOmpo_000230_000240_4.0_7.5,0.0022604102
gteCxqZ98g0_000161_000171_6.0_9.5,0.0005579616
X01a-PdGUI8_000084_000094_0.0_10.0,0.028419474
0oDZtNnPtmw_000093_000103_1.0_4.0,0.0014764474
mRUwXCIyLVw_000300_000310_4.0_8.5,0.0022567997
C0i90WmUMvE_000109_000119_2.5_6.0,0.0029871294
EEP5HPxGivo_000030_000040_1.5_10.0,0.03264068
OpJHCquEX6M_000003_000013_0.0_5.5,0.0028176734
H7vxysxaJ7U_000411_000421_2.0_6.0,0.0052260677
iZR9dpO64NA_000011_000021_0.0_3.0,0.0049433536
-1VcGT09lUI_000208_000218_0.5_3.5,0.009951307
mrQ3J123uLU_000030_000040_4.0_7.0,0.00069685275
HlMnwIxk2aA_000004_000014_1.5_4.5,0.0028187886
10RkjPIguAY_000030_000040_4.5_7.5,0.04864736
cyLuVr6KXAM_000000_000010_1.5_4.5,0.00220363
DDelecxB7p8_000068_000078_1.0_4.0,0.0024259787
-6GQmaIFTOM_000030_000040_0.0_3.5,0.015258937
UYVacmlzNtU_000030_000040_6.5_9.5,0.009655083
2d43OFDr5aI_000001_000011_0.0_3.5,0.0040160753
nsd7Rq55esQ_000030_000040_0.0_3.0,0.0073229014
5th6phRFv4Q_000014_000024_0.0_3.0,0.0019444097
lof1YRvyREM_000269_000279_5.5_9.0,0.0023468307
XnB0E1Z-Sjo_000029_000039_4.0_7.0,0.017863654
MkJuGDph-1k_000070_000080_0.5_10.0,0.004745812
dQKtLx9bVpU_000060_000070_1.5_6.5,0.06371418
kPaSSOE3-Uo_000249_000259_5.0_8.5,0.0003353895
Mqfm03TuWRY_000068_000078_2.5_8.0,0.0047068754
QNMEqBmP-QA_000030_000040_0.0_10.0,0.03745615
gE_SWlHEVHY_000105_000115_6.0_9.5,0.007319206
0yZq5SPNaTQ_000425_000435_0.0_3.5,0.0021261517
fVx5NBw1diU_000090_000100_3.0_7.0,0.011000232
0jrsmryRhBQ_000654_000664_6.5_9.5,0.013503671
2CJmpimozlY_000030_000040_3.0_6.0,0.00021894972
_52ntwwQyv4_000070_000080_3.5_9.5,0.008270081
ERxlveTpCnw_000137_000147_0.0_3.0,4.480757e-05
ZfGiSUAR1M0_000907_000917_0.5_3.5,0.0020429431
5xOhn5QpvdE_000178_000188_4.0_7.5,0.0037339663
niMxeHPXvMw_000023_000033_0.0_3.0,0.0008542104
qJabn6CtR2g_000025_000035_5.0_9.0,0.0058992407
k1lFKf-3VYw_000049_000059_1.5_5.0,0.006807849
bHPS9RJsZ4A_000000_000010_3.0_6.0,0.0163885
c8YyQa4LpCk_000007_000017_1.0_4.5,0.004696182
5kXRSxMRZGw_000058_000068_1.0_4.0,0.007557742
E68sGobO5GA_000000_000010_0.0_3.5,0.00806215
AF0CtMb81t8_000030_000040_2.5_6.0,0.0031154728
-3Q5K1PO7ag_000080_000090_0.0_3.0,0.0019271359
3U4OtgrDUPg_000076_000086_6.5_10.0,0.0004527089
iWBJxme1d8A_000042_000052_7.0_10.0,0.0
KWycgaVeTK8_000028_000038_0.0_3.0,0.00276399
Ft93ncEBpGo_000360_000370_1.0_4.5,0.0021031064
hNeXXJrQDyk_000008_000018_1.0_5.0,0.0023177692
CeTEU-Ad-5s_000003_000013_3.0_8.0,0.012895143
bPQTRWZiLxA_000030_000040_1.0_9.5,0.12065169
xri4iya2NKo_000010_000020_5.5_10.0,0.0037423768
uJ2LJVcuoaM_000040_000050_0.0_10.0,0.0057346206
eRsuAfoCN8A_000006_000016_5.0_8.5,0.000928323
ukYd1nfdJlM_000060_000070_3.5_6.5,0.010876429
JPUmWOr-Th0_000029_000039_1.0_6.5,0.002359296
kuH7oqSAcuY_000006_000016_5.0_10.0,0.007627941
INakOVhEFtY_000030_000040_6.0_10.0,0.0025840243
4YTzxIjvOb8_000002_000012_5.5_8.5,0.0048753982
G9fePINE3lU_000008_000018_0.0_5.0,0.00012638254
nEgGc3Zg85E_000030_000040_4.5_7.5,0.010636968
Ni8dpJxscEE_000072_000082_5.0_8.5,0.00053850777
AdT_D9X6sXw_000040_000050_1.0_4.0,0.025730731
MRD0ocDtv3w_000182_000192_6.5_10.0,0.0044586468
F0xntO9MIHw_000005_000015_4.5_9.0,0.0007907686
IQwHmJN-5Yg_000133_000143_1.5_5.5,0.003305564
EaPmysTfVFI_000089_000099_2.0_9.5,0.014584661
x3ytjRxhNf4_000028_000038_3.0_6.0,0.0094021745
sgTlVp3Dr-Q_000110_000120_1.0_4.0,0.011942201
f5m2QKJwQbI_000030_000040_1.0_5.0,0.0002541685
nvqlA_qxIEM_000012_000022_7.0_10.0,0.0097538475
buJFQyD2LeA_000030_000040_0.5_9.0,0.025379548
jR9cNCNzLlk_000044_000054_1.0_8.5,0.025095772
HprEd7CUowg_000002_000012_1.5_5.0,0.0016969602
iLo-V2zvcZE_000030_000040_5.0_9.5,0.010178676
NZGu-Ci7XLc_000290_000300_4.0_7.0,0.06444274
GnymzE-YFD8_000040_000050_5.5_10.0,0.005045301
_7fB2-S7sC0_000449_000459_0.5_4.5,0.0048932196
DeDWX5iVhr0_000031_000041_6.0_9.5,7.715681e-05
35zwOkXkDt4_000224_000234_0.0_7.0,0.006481107
DcLppK5MTZY_000402_000412_5.8_8.0,0.000742839
uA5__Dby1C0_000170_000180_2.0_4.1,0.00042736516
DW2hvIp0mns_000060_000070_5.0_8.5,0.01334641
K95Trz6yEYA_000567_000577_1.5_4.5,0.003957845
B-VJERTwTJc_000178_000188_0.0_7.5,0.0229581
tupSLysCAz4_000029_000039_0.0_3.5,0.00611977
Hmp0x7LBCo0_000008_000018_1.0_5.5,0.0051648137
CzotiifbywI_000030_000040_0.0_3.5,0.0018452198
tQd9tnArz30_000060_000070_4.5_7.5,0.00041968457
mpRE-yxlMjg_000010_000020_1.0_4.0,0.007901103
WM44aqAU8rw_000703_000713_1.5_9.5,0.00020767344
3qesirWAGt4_000020_000030_0.0_8.0,0.0060125687
ZnqQ0cZZg1Y_000005_000015_0.5_4.5,0.001541647
ne0z9fnr03Q_000110_000120_0.0_5.5,0.02981247
MYbNMNMyJEQ_000030_000040_1.5_9.0,0.1094233
kHbytTGsXp4_000248_000258_5.5_8.5,0.00044003333
5WbYvoqG3fo_000074_000084_3.5_6.3,0.00058902806
WV-t-cB6K-8_000030_000040_0.0_3.0,0.0012282399
HbsniEGbyik_000030_000040_1.0_6.5,0.0011137667
Mw1nPIeEBcY_000150_000160_1.0_4.0,0.011038686
Ev7627Vv_NA_000020_000030_3.0_7.0,0.002273984
y6jT3Q3gyvs_000012_000022_3.4_5.5,0.001602224
vgX33FwGfnQ_000030_000040_4.5_9.0,0.0072087934
6zLh9GczKOk_000030_000040_2.0_7.5,0.0043017645
yYfB6GfjIwk_000030_000040_0.0_7.5,0.009871084
51RuE59C1Jc_000079_000089_0.0_4.5,0.005537433
qe3eHr5Q01U_000098_000108_1.5_4.5,0.0015871136
uZVSL3SVj0Y_000002_000012_5.0_8.5,0.0051045204
q-CDpV9bFXE_000074_000084_7.0_10.0,0.0035519162
FXBVm1l3by8_000020_000030_0.0_6.5,0.008892077
cAesoXoib1M_000030_000040_0.0_6.5,0.02028304
lm8M8aEoa3c_000081_000091_3.5_8.0,0.002709066
53jtALXeS7U_000040_000050_2.0_5.0,0.0094077755
dDbYcXgoR9A_000030_000040_0.0_4.5,0.027347239
T79l7dlAsi8_000035_000045_0.0_6.5,0.004914244
Vth_INW_-Hk_000137_000147_2.0_4.0,0.0037132418
LPaRBMnW6MI_000030_000040_2.5_10.0,0.043964144
FV7J7_JdYqs_000045_000055_0.5_10.0,0.014594468
nFixdaWQ0lw_000149_000159_7.0_10.0,0.0038397931
P1SwIuCQHyU_000059_000069_1.0_4.0,0.0014973
3mebfy8rMKs_000000_000010_1.5_4.5,0.013174463
MFaRhAq2JLw_000010_000020_5.5_9.0,0.0036189386
UPVn_85FRCw_000020_000030_5.5_8.5,0.0011123508
HIFv8XUBB2o_000323_000333_4.0_7.5,0.0021546015
NBt9zr2RAiE_000007_000017_2.5_7.5,0.0293058
lusSgj4qa1I_000100_000110_1.0_10.0,0.00033369873
lwNQHu8yYwo_000028_000038_0.0_9.0,0.002825437
kmqLdhK4OxU_000696_000706_4.0_7.5,0.011909307
2d43OFDr5aI_000001_000011_2.0_6.0,0.0054864283
ZDVZ6MgbwuE_000027_000037_1.0_4.5,0.009371743
bJtu55jpzNc_000140_000150_2.0_10.0,0.052866302
Cac949WVIog_000240_000250_4.0_7.0,0.00051772443
A2FMM_PmPf4_000037_000047_3.0_6.0,0.010932684
B6JUyoaxa4k_000215_000225_0.5_5.0,0.01678527
73cfZ0ugMkc_000002_000012_0.5_8.5,0.01432635
SwXYeGDdLlY_000100_000110_0.0_10.0,0.014352454
OPjfXPzXKXs_000029_000039_0.5_3.5,0.00092990405
A2z3KHbvQm4_000153_000163_6.5_10.0,0.002872576
5QbjG8653B0_000030_000040_0.5_10.0,0.12117039
SQfTvzvUJ6k_000006_000016_0.0_4.5,0.008610298
tOXfOfn_QaA_000020_000030_6.5_10.0,0.006902851
iG6VZnA4740_000100_000110_1.5_8.5,0.0063045938
ERra12KuEvw_000153_000163_0.0_4.0,0.014006875
KhF-gUyewVY_000159_000169_0.0_3.5,0.009259883
DEL5u48gdL4_000160_000170_3.5_7.0,0.0031944714
oJ8r0hglNZ4_000024_000034_6.5_9.5,0.0007101523
HhnDdPU7KZE_000117_000127_3.0_8.0,0.0006642746
GueOh9nkQ38_000080_000090_2.0_7.0,0.003731362
jQJFuE74OYo_000030_000040_5.5_10.0,0.04805416
Ac17vTPGbl0_000102_000112_6.4_8.5,0.0029684564
7tVmj7Ils8M_000026_000036_0.0_3.0,0.0013680499
oU0z8fAJBxw_000307_000317_5.5_10.0,0.0001938655
VbCdxSAO4fg_000078_000088_5.0_7.2,0.005839723
2FAUhONUM4k_000002_000012_0.0_3.0,0.0047390107
sRKyvq20rY4_000002_000012_0.0_3.5,0.0066909697
5pIje_zRg5c_000090_000100_2.5_7.0,0.008935902
7BxgB1zoqKQ_000322_000332_0.0_6.5,0.007532981
j2fSnxTqXXQ_000085_000095_2.0_7.0,0.012164407
YIqpIjjee00_000030_000040_3.0_6.5,0.00928183
KUuO2p1yS6Q_000033_000043_1.0_4.0,0.0034975267
1NW3dUhTAoI_000018_000028_0.0_10.0,0.0057104025
ERSmiGXdHWY_000014_000024_1.0_4.5,0.0017302606
M0k0SZ3xXvw_000030_000040_3.0_7.5,0.016370432
Q_5zCyGxMUA_000034_000044_3.5_6.0,0.0010036562
hirkeAwbrfY_000034_000044_4.0_7.0,0.0054850453
sxqKIm4LlF0_000024_000034_0.0_3.0,0.004958635
O5l-FGTYm-I_000070_000080_0.5_3.5,0.003310331
hg0kUxkOEr8_000305_000315_3.5_9.5,0.050851204
Ck4V96rptIM_000013_000023_0.0_6.5,0.004279343
dIIiaO12I5Q_000006_000016_0.0_3.0,0.011076665
iCOG41rKjrE_000430_000440_0.0_6.5,0.007327396
7eEF0na67Wc_000169_000179_0.0_5.0,0.007654714
DkJIuTcJaNo_000202_000212_5.5_8.5,0.04870007
6rhJ9DfFBJs_000070_000080_0.0_3.0,0.016707916
pq8Qcgiz2es_000516_000526_0.0_3.0,0.0025914987
jGEhZTHRML4_000008_000018_3.5_7.5,0.0035415094
BBgW_3zDdto_000030_000040_0.0_3.0,0.00060593436
kxyFBPjbT3o_000099_000109_1.5_9.0,0.0076929377
5sumS7_ogEw_000034_000044_5.4_7.5,0.0074757775
QIT6l8y0_cE_000052_000062_1.5_7.0,0.002613846
tbGbBpbCBvA_000007_000017_6.5_10.0,0.0035012304
Bi0wF7k2M4A_000054_000064_4.5_10.0,0.005653606
nyI8y7WOepA_000070_000080_7.0_9.5,0.002734093
8ALwSP590T8_000016_000026_1.0_5.0,0.0014484974
GhB5NIT7zFA_000135_000145_4.5_9.5,0.002401509
48JvjDvWny4_000057_000067_7.0_10.0,0.0010837606
u9PuiO-FyQs_000339_000349_2.0_6.0,0.004708808
9ZMABXJhIfs_000002_000012_5.0_9.5,0.0009440026
Y9pGt8ax3PA_000010_000020_4.0_7.5,0.0050422736
tvrDxebakus_000150_000160_2.5_10.0,0.0077394284
hgHFHvhfcT8_000060_000070_1.5_6.0,0.07885115
4ipWKLhd39o_000030_000040_6.0_9.0,0.14838484
HlMnwIxk2aA_000004_000014_1.4_3.5,0.0018550828
5Y_8wiKVwK0_000356_000366_4.0_7.0,0.0033574228
pMOQikEqxdw_000025_000035_0.5_10.0,0.008438534
WRVTR_kFfGI_000032_000042_3.0_7.5,0.0071561155
0U6ebFYFPjk_000030_000040_1.0_4.0,0.0020702323
hMS66vFwJN8_000030_000040_0.0_5.0,0.011688945
t0ZM-bMQDtI_000001_000011_3.5_6.5,0.009614007
0XxvRJ8sOmM_000022_000032_0.0_3.0,0.039285526
UF-OOicTbX4_000078_000088_5.5_8.5,0.0031669599
csz8nquY3Yw_000024_000034_0.0_8.0,0.00079495594
4sXlS5b1ddU_000016_000026_5.5_8.5,0.0022061048
lqjE8aYSAy4_000038_000048_2.0_6.0,0.013827859
9SN9F6nYBcU_000039_000049_0.0_3.0,0.010871849
UhZphhr63WI_000065_000075_0.0_3.0,0.00021697332
C7VWBi27oGc_000006_000016_1.0_5.0,0.0035897486
BGt5V7fL2fo_000127_000137_1.5_4.5,0.0021327466
4sXNMK-A6KY_000073_000083_7.0_10.0,0.006596565
gE_SWlHEVHY_000258_000268_2.0_6.0,0.004063403
OtyPX8KjsPw_000040_000050_4.0_7.0,0.043659028
sz8GcLzw28k_000010_000020_0.0_3.0,0.014272579
bC1qDfkRyEs_000087_000097_1.5_4.5,0.0026182344
NO6e8kJ4n8s_000000_000010_0.0_3.5,0.0022883131
UNGwgf483mA_000008_000018_6.5_9.5,0.0038244405
DVhg-1vh33A_000024_000034_3.0_8.5,0.018912518
u9Llxysyi2I_000020_000030_7.3_9.5,0.0026369551
zdrhlgiffeo_000012_000022_3.5_8.0,0.0009657879
h0CCPYOWv1Y_000000_000010_0.0_9.5,0.0082399715
gyioxO7fWzI_000046_000056_1.5_4.5,0.006004984
SNSrsP-J3NY_000070_000080_2.5_5.5,0.00807592
27wIu9FCMJQ_000027_000037_1.0_5.0,0.0018005098
8fMnn6coUhQ_000000_000010_4.0_10.0,0.0069272276
Wf9k6IyGVfc_000005_000015_3.5_7.0,0.006221755
Bbq7hUbE6Eo_000056_000066_4.5_8.0,0.00404234
2IYt8ZVZoQ8_000020_000030_6.0_9.0,0.00551579
9EoERiRVt20_000163_000173_3.5_5.6,0.0035841125
WhwVPD7OXqo_000146_000156_0.0_3.0,0.005528706
7UMvXLA4iiQ_000030_000040_6.5_9.5,0.036715373
PUI0Am7G-jo_000021_000031_5.5_9.0,0.01230532
DCK554zzEQ0_000030_000040_3.5_8.0,0.007728607
ntmttPBZemM_000416_000426_1.0_4.0,0.00030787717
3cThgRIaqgU_000016_000026_0.5_9.0,0.0033176541
6vfqtuV6Law_000048_000058_2.5_6.0,0.0029072626
LIUowNjRNwE_000125_000135_0.0_3.5,0.009685112
DPMEoIfxrZY_000030_000040_0.0_9.0,0.33675694
h7i5ztCYmXU_000040_000050_0.0_10.0,0.006950348
5th6phRFv4Q_000060_000070_1.0_4.0,0.000859669
iwzYX5Jo5No_000061_000071_2.0_7.5,0.015383245
a02EQgiGng4_000021_000031_0.0_4.5,0.0041160085
1aDnyPubxdY_000118_000128_4.5_7.5,0.0014388968
HiLBo43GMKE_000052_000062_5.0_8.0,0.0003087199
RfJAPX3bHgQ_000000_000010_2.5_5.5,0.0010520947
6ZiqMB3DZXw_000161_000171_1.0_4.5,0.003643052
iEA86sH3Nx0_000030_000040_0.0_4.0,0.0011135871
thFP6rzhwYQ_000030_000040_3.5_9.5,0.029755222
YKLqVHlgSiw_000176_000186_6.3_8.5,0.0043430007
q3lKnphtXZs_000174_000184_1.0_4.0,0.0025542148
IUCWs3HjsgI_000799_000809_0.0_3.0,0.0027803527
_ZC6yk5iE1I_000026_000036_0.5_5.0,0.007410319
omiGYobPra4_000100_000110_1.5_5.0,0.0030937465
Eqmq5iMK6nU_000040_000050_0.5_3.5,0.004207029
WJ2yas2yKxw_000020_000030_0.0_4.0,0.010745925
-LzsgrGPV6o_000030_000040_0.0_8.0,0.008786912
WDPAflgmswI_000030_000040_6.5_9.5,0.08172255
bezUdnkWlSs_000010_000020_1.5_5.0,0.0005958446
Xxcmilr533A_000197_000207_5.5_8.5,0.0024651466
3NWTOn8uhy4_000030_000040_6.0_9.0,0.020991618
NRdOyEAoZng_000341_000351_2.0_7.0,0.0003136362
nMOlAg-Kjf8_000017_000027_0.0_9.0,0.02398122
SNndVYIMO-s_000158_000168_1.0_3.1,0.0
rMGOF-XHU58_000010_000020_5.0_8.0,0.023866296
BJdtH2BfTe4_000030_000040_0.5_6.0,0.0074281977
I5WfHw8qlfI_000256_000266_0.0_4.5,0.004033152
weSfQmkG35I_000002_000012_7.0_10.0,0.0023502198
scebm0Y_cbU_000422_000432_0.0_3.5,0.0063131293
9HAwJizt8KY_000068_000078_6.5_10.0,0.0037701966
_RB9txkXq1o_000053_000063_5.5_10.0,0.0062694964
lDTrnXAu4WY_000025_000035_0.5_8.5,0.007193394
26Ti4i2BNdM_000030_000040_1.0_8.0,0.0058091623
DSp4wteM0Cs_000247_000257_5.9_8.0,0.0012167626
KZvzHlLMkLw_000009_000019_0.0_3.0,0.003363901
0F0YvdKcUu0_000040_000050_0.0_4.0,0.0024767844
D1nA_IqW72A_000002_000012_2.0_10.0,0.0054655583
4pxb7e1U6VU_000177_000187_7.0_10.0,0.00902289
5ALk948jfvw_000030_000040_0.0_6.0,0.012663044
qOlNSyysyuI_000005_000015_2.5_6.5,0.00074587367
X-W-q9ARCc8_000067_000077_6.5_10.0,0.0013237289
srsXEvgEuZU_000004_000014_0.0_7.5,0.0013354587
lBx-cRNnVC4_000029_000039_1.0_4.0,0.00034025675
v1G3oCDAMcQ_000030_000040_4.0_10.0,0.0062595992
fIzqm8CUV3k_000013_000023_3.5_8.5,0.0011393201
FD2EtGJ9k1Y_000030_000040_0.5_10.0,0.021802962
ol71q9DuY1Y_000128_000138_1.0_10.0,0.019981736
hHs5je_FTaM_000090_000100_3.5_7.0,0.012840702
3-1aolaLnJ4_000036_000046_6.5_10.0,0.001492845
rEYy1mry2VE_000061_000071_7.0_9.1,0.0
2KyV_FKgm5A_000034_000044_1.0_5.0,0.009440005
wuAcPWyHMXo_000008_000018_0.0_5.5,0.005450304
bx5xFDBPNEI_000020_000030_5.0_8.0,0.0026539273
5Y_8wiKVwK0_000186_000196_6.5_9.5,0.0076049394
jZe1VCQYpIs_000015_000025_2.5_5.5,0.017055469
DPlSp0M9Mgs_000009_000019_0.0_3.5,0.004156283
WQdA2vJCiGQ_000017_000027_0.0_10.0,0.0048583136
0ZaEl_2DKR8_000010_000020_2.0_8.0,0.008281031
YX_dIRBxMLg_000023_000033_4.5_7.5,0.0008699446
O_iiHMbjS04_000030_000040_0.5_3.5,0.01468489
oqU8SM6DKD0_000019_000029_0.5_3.5,0.00898162
07tE4aqjZuE_000030_000040_3.5_7.5,0.002094304
jGeD8cgdqN4_000030_000040_4.0_6.5,0.033661246
-0UyIRbzhlw_000026_000036_3.5_7.0,0.02119629
kj8mrYJN1Mw_000040_000050_0.0_3.0,0.020927684
3HSRX24Nj4Q_000018_000028_0.0_3.5,0.0038064711
YLR6fv6tYzc_000028_000038_7.0_10.0,0.002252509
Ao4ls4kFejw_000050_000060_3.0_6.0,0.00701677
mHvp-Hx6uJU_000000_000010_4.0_7.0,0.003976825
iFPv4jv46ZM_000000_000010_5.0_8.0,0.009028659
cOCvrRkr7Dc_000010_000020_7.0_10.0,0.025588091
-3viw1EWLpo_000015_000025_3.5_7.0,0.0041364953
4Pod-Q6F86Y_000030_000040_0.0_3.0,0.037296012
kJuv-u4V5pI_000077_000087_2.5_7.5,0.013838605
vj3lO7pLOIs_000030_000040_1.5_5.5,0.015268786
4VBd7XmgsTc_000019_000029_0.0_4.5,0.0068661165
Il9qAhbbeBw_000013_000023_3.0_7.0,0.00082751125
uhPmfykA5iY_000400_000410_0.0_3.0,0.0066520134
gFaCWNf7PaE_000182_000192_0.0_3.0,0.0025761533
9bWt8O_IEX4_000130_000140_6.0_9.0,0.03268041
wn-HRhTm7sY_000360_000370_1.0_10.0,0.0533004
_7JkLUZ20jA_000030_000040_2.0_6.5,0.009801069
-ZMb-QiqDJY_000030_000040_2.5_7.0,0.01895617
IOgX_sYAeOM_000030_000040_4.5_10.0,0.1266008
8K7OiwKgR08_000010_000020_3.5_6.5,0.007527435
ja0fLBcuGiU_000096_000106_6.5_9.5,0.00028777483
Jfsj9ZqDle0_000030_000040_1.0_9.5,0.11707525
OJqJgotD8D4_000038_000048_4.0_8.5,0.00038477246
nyI8y7WOepA_000083_000093_0.0_3.5,0.0038420844
7eoZQVlQURY_000080_000090_6.0_9.5,0.058778055
hnfkbigyqIo_000098_000108_1.0_7.0,0.013855527
w-8LegbYpZ0_000080_000090_4.0_9.0,0.012641636
2doTYxZzbTU_000031_000041_3.0_6.0,0.016720908
0MuM1Nch4xY_000030_000040_1.0_7.0,0.031793613
xqN9wj_QgIA_000030_000040_4.5_10.0,0.0016255832
hhKsZ_uP-m8_000072_000082_0.5_5.0,0.0017125985
q_sB0ur0mEA_000016_000026_4.5_8.5,0.016637124
w1IW9bA-G68_000030_000040_1.0_5.0,0.018392818
V0jHXDcocm8_000030_000040_1.5_4.5,0.070642136
CgrFzqunnEk_000062_000072_3.0_7.5,0.0089163855
v1q8DpAGCw4_000130_000140_4.0_10.0,0.014303958
g6kGCt7G2-w_000080_000090_2.0_7.0,0.015739646
29ZWMYIEq3g_000141_000151_1.0_4.0,0.001641618
l0loFh-e25Y_000000_000010_2.0_8.0,0.0375426
ucW5TSNcvzo_000232_000242_1.0_10.0,0.0059860838
2QETzhkbY6E_000017_000027_3.5_6.5,0.004476943
6TJ4mjlhR2U_000000_000010_2.0_6.5,0.0014131336
SbcQ7DMdVSY_000060_000070_0.0_10.0,0.014587009
ne3FEwgc3-g_000001_000011_1.0_10.0,0.0018203879
OpJZ-KVF-K8_000030_000040_5.0_7.5,0.013246883
_bTgFkmACf0_000053_000063_1.5_5.0,0.0029081658
RMnNSgRaoo0_000030_000040_1.0_10.0,0.002124638
CkxunRx3_-o_000000_000010_4.0_7.0,0.00047343422
FnJIoPY7gBE_000076_000086_0.0_3.0,9.5050564e-05
AyRHwZyYxEs_000003_000013_0.0_5.0,0.0052615297
huf8M4H0Kn4_000016_000026_0.0_10.0,0.021188969
KhF-gUyewVY_000100_000110_7.0_10.0,0.011184326
AeBc20MLAic_000248_000258_0.0_3.0,0.004738847
9rWoPW0VU00_000165_000175_0.0_3.0,0.0142560005
bjDSOZy0ox8_000015_000025_2.5_6.0,0.0007213707
_VeXC01A-fY_000303_000313_0.5_3.5,0.0039749034
C7vXquUH5YE_000157_000167_2.0_5.5,0.004877765
dXbOU2_Yh7A_000400_000410_0.0_3.0,0.004946185
8TWtLCjUI5I_000000_000010_3.5_6.5,0.00743823
VoWYsAcibqM_000113_000123_2.0_5.0,0.00065323035
pgTZBjwf3qM_000009_000019_5.5_9.0,0.008470637
p6ZaFK0pFzg_000020_000030_2.5_5.5,0.0030215336
Im1UwtffSmY_000030_000040_4.0_8.5,0.019473167
4Kasu4SBTsI_000004_000014_7.0_10.0,0.013780681
rKvW0x3MDrk_000033_000043_3.0_6.0,0.0066169123
PATC-vjHpjY_000030_000040_0.0_6.0,0.049375866
ots1yld6DUA_000019_000029_2.5_5.5,0.005611086
ueZuSVRInZs_000008_000018_6.5_9.5,0.0018981937
eO4tCN4uAGw_000192_000202_0.0_3.5,0.0034828736
_t-Abwz6JG4_000031_000041_2.5_6.5,0.0039282064
ots1yld6DUA_000009_000019_1.0_4.0,0.00010746941
qli7qLnw2Gg_000010_000020_0.0_4.0,0.006042764
PrEnzJfmlHE_000875_000885_2.0_5.5,0.0038144703
h7Dh4HU8DzI_000002_000012_0.0_10.0,0.0035618267
QuFBR2CYeyA_000469_000479_5.0_8.0,0.002318938
0bC2T-xZkCs_000187_000197_0.0_3.0,0.02451317
NqSxZ2ZmjSU_000016_000026_5.5_9.5,0.0028151087
WqkMuGoUhas_000417_000427_6.4_8.5,0.0061172573
wC2LTEKoKdY_000000_000010_5.5_9.0,0.0036065406
clIG_BJW2o8_000030_000040_0.0_3.5,0.030629218
6X1OkFLlPO4_000030_000040_4.0_7.0,0.18157801
prdSpY9pHZU_000064_000074_2.5_7.0,0.0083086975
m4L7tB0wf8s_000126_000136_0.5_3.5,0.003597183
22mgtk4Iw0M_000113_000123_0.0_10.0,0.013993242
yFuDYRwZ3EA_000237_000247_2.5_5.5,0.0012490334
MN4D-0ukfJY_000011_000021_1.0_4.0,0.0015132201
ScHqZOcWWOc_000000_000010_5.0_8.0,0.0071154106
JPUmWOr-Th0_000039_000049_2.5_6.5,0.0027654155
6zIM8ZcO1ks_000030_000040_3.3_5.5,2.7366554e-05
LuO4GUJEPv8_000018_000028_0.0_7.5,0.005712211
HIQ63_WoKwg_000030_000040_7.0_10.0,0.017840927
JXBNGfDy2DY_000354_000364_2.5_10.0,0.005948527
o0Cg2ZqzOFE_000146_000156_0.0_4.0,0.000977392
aaGL5l7WEZc_000030_000040_6.0_10.0,0.00054719625
BddoetSqtqU_000012_000022_0.0_10.0,0.009242719
CGAvGtSlk3U_000014_000024_2.0_8.0,0.004493514
CJihJAXgqTY_000099_000109_0.5_3.5,0.004520945
qHqTC2CL0cQ_000016_000026_0.0_9.5,0.013978022
FJ_DJc7-Sms_000030_000040_6.5_9.5,0.051793423
bKbWi0MSoQk_000032_000042_6.5_9.5,0.00796332
z6QaKp2jXRI_000106_000116_4.0_7.0,0.005913759
n79ZuPSbljg_000000_000010_6.0_9.5,0.005083572
7BxgB1zoqKQ_000234_000244_0.0_4.5,0.009301852
AxeN3Geyzf4_000023_000033_1.5_5.5,0.004304811
02pOiVybghw_000030_000040_1.0_6.5,0.027889995
m-ftjmX6NmE_000068_000078_1.0_7.0,0.0010455657
MSH0GwZj8BI_000189_000199_0.0_6.0,0.013774562
1aDnyPubxdY_000118_000128_0.0_3.0,0.0024017603
5Xn4lTalKc4_000099_000109_0.0_3.0,0.0026080732
FAvONjeqIGI_000061_000071_0.5_4.5,0.002778947
FWxMWNFsdqk_000228_000238_1.5_5.0,0.0021052381
UmW_hSc4M18_000000_000010_0.5_4.0,0.00059010426
5jRHJtBf9mI_000002_000012_6.0_9.5,0.0010220113
PpM8yYTUzkE_000002_000012_0.0_3.0,0.014789487
9InrWtkCJjw_000080_000090_1.0_4.5,0.01334766
VrNMvugPPUI_000002_000012_0.0_9.0,0.00019905802
9r65ytaWJfA_000231_000241_5.0_8.0,0.002857723
3br-2HB2rh0_000230_000240_6.0_10.0,0.016914489
bBMcsO6IeDE_000021_000031_0.0_4.5,0.004622438
eRsuAfoCN8A_000008_000018_2.5_7.0,0.0011695145
YNnz5wprWYk_000001_000011_4.0_8.5,0.0056963
ifGuIUPl1hE_000030_000040_0.0_10.0,0.007387185
acxk_5QZzNY_000000_000010_1.5_5.0,0.00246038
rsrWBquU8bc_000050_000060_0.0_4.5,0.0074779345
_tzXSoaZ644_000021_000031_0.0_3.0,0.002423882
tDX6xz16gLg_000118_000128_5.0_9.0,0.004465089
uAyp9mSzQ_E_000003_000013_2.0_7.5,0.008386575
LpfewILEuUU_000020_000030_6.5_10.0,0.0068575623
Dx6vFxsOdpU_000069_000079_0.0_7.0,0.04267107
Yqo1yD2nL70_000230_000240_0.0_4.0,0.0012649347
Rl0aaF32hV4_000220_000230_1.5_10.0,2.544363e-06
FKjjWCqGQhs_000103_000113_1.0_7.0,0.008154723
ERxpa14WnSo_000166_000176_0.0_4.5,0.006786315
Bqqk2iB4Uq4_000018_000028_3.5_6.5,0.026375733
3d7rmZ09E5I_000051_000061_5.5_8.5,0.006984661
BZK5xQsIMfs_000072_000082_3.0_5.5,0.008812424
RVYyr7RO8ck_000080_000090_6.5_10.0,0.009274158
DAZ-W7RP4N0_000002_000012_6.5_9.5,0.0032686163
WeXjWonSHxc_000022_000032_2.0_5.0,0.00010630554
2l0BcqqUwc4_000140_000150_5.0_10.0,0.0057482873
Yqo41N8k31A_000132_000142_6.5_9.5,0.004134167
5Uodeo_Ln84_000014_000024_6.5_9.5,0.0030623733
w-8LegbYpZ0_000080_000090_7.0_10.0,0.012089517
qZ4awmlj8Ns_000036_000046_7.0_10.0,0.0010902733
n2JanKszFoQ_000200_000210_5.0_8.0,0.013683347
sxJjC9HC1Xs_000310_000320_0.5_10.0,0.0033502774
hHs5je_FTaM_000090_000100_5.0_9.5,0.0064697512
VqfA5hSsPHE_000090_000100_0.0_9.5,0.0033948158
H2CJOf1-OoA_000030_000040_0.0_3.0,0.003383379
EiTMXpC-jD4_000000_000010_4.5_7.5,0.0063062827
fjtYm7UI7LM_000125_000135_0.0_10.0,0.0020628264
euaiZGM4brA_000039_000049_0.0_3.0,0.0065502254
k2BZAg8AWWU_000171_000181_3.0_6.0,0.00083705754
fPCwL7tr72A_000019_000029_3.0_7.0,0.0015308317
h3cFTbRIzdY_000106_000116_2.5_5.5,0.00033249595
NVtbCkBWI8o_000157_000167_3.0_5.5,0.00023510143
htKnR_TRgLM_000016_000026_1.0_5.0,0.004449891
5bnBbZIyCVs_000003_000013_2.9_5.0,0.013022708
emRT2KwmU5E_000030_000040_2.5_8.5,0.002675158
z88jt7qWYtY_000020_000030_7.0_10.0,0.008387115
VpzLTe_OU1Y_000029_000039_6.0_10.0,0.0052324017
KzK6d6Qpu_o_000010_000020_3.0_7.0,0.010507631
gcBUpboDmjc_000017_000027_4.5_6.5,0.008635928
GAPamRQg0FE_000194_000204_6.0_9.0,0.0026175426
Uu0JuSNp5V0_000011_000021_0.0_4.0,0.0053661405
1nC1ddPiDVU_000012_000022_0.0_2.1,0.0041985526
yRTNaBHMcDk_000030_000040_1.0_3.1,0.0039281407
8OTPu7DH0VI_000000_000010_4.0_7.0,0.003307627
Hbp9cvlqlWU_000090_000100_2.5_7.5,0.016472278
2ps5yxeh2sM_000020_000030_0.5_5.5,0.0362828
GL5tAz0bzSU_000495_000505_2.0_10.0,0.0040904363
gRi0-hqHqB4_000012_000022_6.0_9.0,0.007927082
hDSt7FDyK4w_000022_000032_2.0_5.0,0.0018399614
gDSYB2VcRFU_000027_000037_6.5_10.0,0.00507984
d6Mrruq691c_000010_000020_3.0_6.5,0.0051036985
5csYYtS7Pck_000020_000030_0.0_8.0,0.0067116665
dbuR-rhArk0_000035_000045_0.0_3.0,0.006622186
Ku0rKzrZQzY_000027_000037_1.0_3.1,0.0006769854
NvAScGaKUIA_000030_000040_0.5_10.0,0.0012758563
_ZC6yk5iE1I_000026_000036_7.0_10.0,0.00694837
oyluGCZUz54_000022_000032_3.8_6.0,0.007244099
Sb6bqVDpZd4_000008_000018_4.5_8.5,0.007367465
h6NMBTwaOss_000000_000010_3.5_6.5,0.0038035836
a-zw3NR4Euk_000297_000307_6.5_9.5,0.00019417412
PNZ-MM4HNq4_000038_000048_1.0_5.5,0.00039590552
7lxTe_gvcuI_000000_000010_0.0_10.0,0.011282815
CC4NGM8XDg8_000069_000079_4.0_8.0,0.0020077946
_e65m2a8--E_000331_000341_0.5_3.5,0.00250806
kfSqXa5xQlo_000009_000019_2.0_5.0,0.0057951305
8ne9IEoqjQ4_000321_000331_0.0_3.5,0.024815274
tWMo1IyoNMA_000100_000110_0.0_10.0,0.02835491
--XInAaMS6k_000061_000071_6.0_10.0,0.0017828597
lbfKb22qG60_000308_000318_6.5_9.5,0.0007366401
mCS9mmTFZo0_000090_000100_4.0_6.1,0.0006190503
mO8ZongSYLA_000003_000013_1.0_4.5,0.011896304
-njqm6R9Tko_000050_000060_5.5_10.0,0.00275446
E68sGobO5GA_000011_000021_0.5_3.5,0.0029970494
L7vPkRtLOec_000000_000010_3.5_10.0,0.002556077
J4qAV4_pCMI_000077_000087_4.0_7.5,0.0021176906
2jIv5qBTS88_000009_000019_1.5_5.5,0.022497635
5gRTZ8Wuy0s_000024_000034_1.0_6.0,0.003239422
ANjYA_ok2hI_000009_000019_3.5_6.5,0.0031725266
aT6bc2MM0Xg_000030_000040_4.5_8.5,0.007232972
IWvA2ZlAK2g_000028_000038_6.5_10.0,0.00022060573
xmpQBOEV9-Q_000119_000129_2.5_6.0,0.0012151407
tBQf0NWgLbg_000040_000050_6.0_9.0,0.010392431
ihPPA36u1rU_000037_000047_0.0_4.5,0.013484325
QIT6l8y0_cE_000039_000049_2.5_6.0,0.0019806768
LpaMZAVe9Cg_000116_000126_1.0_5.0,3.811893e-06
GH7N7v_m9FM_000030_000040_4.5_10.0,0.017222384
FxgAwrXenok_000001_000011_5.5_8.5,0.0017250091
-ZMb-QiqDJY_000101_000111_6.0_9.0,0.015315695
XTu2tDISgnA_000046_000056_4.5_7.5,0.00020132492
BmuCXHtvUaA_000030_000040_0.5_8.0,0.0071506365
MbaGR3A9QFI_000041_000051_0.5_8.0,0.005687089
g8Il7SnkD6E_000034_000044_2.0_6.0,0.0065612644
UH_ZHao6c3M_000023_000033_6.5_10.0,0.006832911
fFqYSzW0xvw_000117_000127_2.5_6.5,0.0003606163
j-_QCfVQOAc_000006_000016_0.5_10.0,0.002059909
emRT2KwmU5E_000030_000040_0.5_3.5,0.0037361209
WaL8gXh99oA_000235_000245_2.0_5.0,0.0029479286
Slo7_JgmNnE_000132_000142_5.5_9.0,0.019925363
2y3UxGJK2uw_000495_000505_0.5_3.5,5.3488617e-05
krEzQuVHoKk_000001_000011_6.0_10.0,0.0044025807
ZnqQ0cZZg1Y_000005_000015_3.5_7.5,0.0014393636
B9ZQfpwK--8_000050_000060_0.0_3.5,0.0012826879
itAx5zRDf9g_000054_000064_2.5_6.5,0.0033839915
4x2OdlSk5Ms_000545_000555_1.0_5.0,0.019701248
wlGiRzk8o5w_000020_000030_4.0_10.0,0.008429135
E1xevDcdzZY_000030_000040_2.5_5.5,0.0081131235
03Hgkn0DIA8_000030_000040_0.0_3.0,0.0091461195
i03HKYPv-lg_000169_000179_6.0_9.0,0.026744746
gOaQmkAlhUA_000021_000031_4.0_10.0,0.005111167
HhQ41vxrZmE_000030_000040_3.0_9.0,0.004682316
Ahk81WMlhSs_000030_000040_0.0_10.0,0.20628482
lptpDgCE0N4_000083_000093_0.0_3.0,0.0012918197
BrNIrhu-yn8_000025_000035_0.0_3.5,0.00011611487
gQ9CRQFXF7k_000046_000056_0.0_3.0,0.011650926
8PJoXe_XFe8_000030_000040_3.0_6.0,0.010821976
FwB52n9_dn0_000007_000017_0.0_10.0,0.0024625924
Ydr_uNMUmZM_000056_000066_0.5_5.0,0.0064411545
qZzbeN7SbUU_000030_000040_4.5_8.0,0.04073631
s9rXzaZ6JmI_000030_000040_6.5_10.0,0.0038217143
WNL7Dydv0bI_000020_000030_2.5_5.5,0.0030357833
v7Nh_3Ukco0_000070_000080_5.0_9.5,0.019723209
c5AVCPO3lAs_000030_000040_4.0_7.0,0.0024274013
A6cqYLdIqmI_000359_000369_0.0_3.0,0.020133337
CZvOHDZEBnM_000088_000098_0.0_3.5,0.011462031
CNxIeasZD74_000020_000030_0.0_4.0,0.013663936
WJV6Ey6hXEw_000005_000015_3.5_10.0,0.010786215
7abCVUupZ4U_000097_000107_5.0_8.0,7.037436e-05
8YaDsXWhDTA_000496_000506_1.0_6.0,0.03066345
Adk8Rw2EznA_000030_000040_7.0_10.0,0.020275142
KTdJ6TCmacg_000070_000080_1.5_6.0,0.0017177617
b6dlP7VMIdA_000110_000120_3.0_9.5,0.013124891
DBn0Ggw6ATs_000050_000060_0.0_4.0,0.020184265
1hAUWw7L3BY_000165_000175_0.0_3.5,0.002223751
-BUtBQDWd-o_000194_000204_4.5_8.5,0.042645417
keNmi7UyZac_000007_000017_0.5_4.5,0.0033765212
mdLD3Khu5k4_000030_000040_3.0_8.0,0.0148895215
23TtIAv0Y8k_000005_000015_4.5_7.5,0.0018020851
7qx057kqx1E_000039_000049_6.0_9.5,0.0052392236
Ka9bA5Q03AY_000008_000018_3.0_6.5,0.0025757833
ZtKvvhRBs44_000247_000257_0.0_4.0,0.013728066
bjDSOZy0ox8_000015_000025_6.4_8.5,0.0029700664
a3Iqv8K0_XE_000013_000023_6.5_10.0,0.00064307376
8L6AX8xepUI_000019_000029_3.4_5.5,0.0019388262
FmKXn6BodjE_000145_000155_4.0_7.0,0.0030193226
6mtnv7SDQqw_000007_000017_0.5_4.5,0.0007203313
9SN9F6nYBcU_000088_000098_4.0_6.5,0.008276804
JKQG9DW78Rs_000063_000073_4.0_7.0,0.0040926705
94UNexEJ5lU_000070_000080_0.5_10.0,0.019772414
DnrzWno9RY0_000023_000033_6.0_9.0,0.0045205355
dK6eZGeDjZg_000057_000067_2.5_6.0,0.00059077336
AYwvKymS-BU_000070_000080_2.0_5.5,0.0047634863
HDzYSpSSnvE_000010_000020_0.0_5.0,0.00055430713
9iX2zII5UVw_000030_000040_2.0_5.0,0.041121397
03sug8XoxNA_000005_000015_1.0_4.0,0.05193448
L8vZK-7-c_Y_000080_000090_3.5_8.5,0.0012215477
zrfapKLZwAU_000030_000040_5.0_9.0,0.00194288
ipVVIkve0m4_000055_000065_4.0_8.0,0.0024290641
K2ZnZzHhi44_000324_000334_0.5_10.0,0.008941585
Lzfve0wQpAI_000030_000040_0.0_3.0,0.16406697
jnss4GN5wEY_000030_000040_0.5_3.5,0.003083837
nzwmPWAAQFg_000030_000040_4.0_8.0,0.0035001393
o6wOgxHs6Lo_000052_000062_0.0_4.0,0.0048276484
Nnq9kx_ExC4_000030_000040_0.0_5.0,0.0024479057
MxlKNay7Kcs_000004_000014_0.0_7.0,0.0008813175
eD21sJSqdRs_000000_000010_6.0_10.0,0.0073103984
9alAw7uN_1Q_000106_000116_2.5_8.0,0.0005480678
yp7ma0sXLbs_000016_000026_0.0_3.0,0.0040565645
6YS3ewiOBkU_000007_000017_5.0_8.5,0.0018375939
4f4T1k-WsEk_000030_000040_0.0_10.0,0.0011978844
-NCD5jfkapA_000030_000040_1.0_5.5,0.002201682
5rP9Z4jEq6s_000024_000034_2.5_6.0,0.0042793686
ux7HhOxMRE4_000020_000030_7.0_10.0,0.015698371
-puNE6Pq7Jo_000030_000040_0.5_7.0,0.018668715
JeIY0Quv0ig_000030_000040_7.4_9.5,0.008957013
4sD1HZsypwM_000030_000040_3.5_7.0,0.011810424
QlNZFq51RXs_000004_000014_0.5_2.6,0.0034446025
7ih9QYtw9ko_000010_000020_4.5_8.0,0.011896367
tQd9tnArz30_000060_000070_1.0_4.5,0.004909682
wOCXCBg5otU_001116_001126_2.5_5.5,0.0128164245
X329styc0lE_000360_000370_2.5_7.0,0.014735933
tLU0E9iFu28_000043_000053_0.0_3.0,0.0036549729
FYldIv9lGLU_000141_000151_0.0_6.5,0.0033359001
F0y4iL0gnpI_000021_000031_0.0_9.0,0.025617678
Yi9Xdiq579o_000240_000250_2.5_10.0,0.01912295
yBcw-FUH0Ow_000019_000029_0.5_4.5,0.0036912723
8Y_YV17nmRg_000330_000340_2.0_10.0,0.0028769488
BSizVpfqFtw_000128_000138_6.8_9.0,0.004436
1AfCMvhZJVY_000040_000050_3.0_6.5,0.0092832595
LJppR-V0Wdc_000002_000012_0.0_3.0,0.007554271
wfltikFvhWc_000000_000010_1.5_5.0,0.0041516237
dI_noFyXQZE_000093_000103_5.5_10.0,0.032154147
fp6pBJ1Iygk_000026_000036_0.0_9.0,0.003978582
gKvJr_8728A_000002_000012_4.5_8.0,0.0021243722
2y2PUPqFLSg_000011_000021_5.5_8.5,0.06889345
Vwz4vOzWnLE_000078_000088_0.0_3.0,0.0035049464
SlUk2uT-zm4_000030_000040_2.0_5.0,0.049609452
NXMZr0kPpn8_000290_000300_4.5_7.0,0.0063007027
v8EpWTZzewc_000210_000220_3.5_9.5,0.03102162
4vcwMj0sL9E_000090_000100_0.5_9.5,0.001992178
5A9rQUuJgBU_000010_000020_0.0_3.5,0.0027683175
3HSRX24Nj4Q_000003_000013_4.0_9.5,0.004666276
Jqwl7uvN65w_000259_000269_0.0_4.0,0.005591573
ZRqorZIca7I_000001_000011_0.5_3.5,0.002568106
p1h4Yjaoohw_000032_000042_6.0_9.5,0.048609205
ZA938akpwQE_000178_000188_0.0_10.0,0.014315726
sWBKO3iPVx0_000030_000040_3.5_7.0,0.0023598424
Q-DfcYxBc9c_000157_000167_4.5_8.0,0.007822112
uPCkHe7y6T4_000060_000070_0.0_10.0,0.006674077
s7GIyv4xSAI_000014_000024_0.0_10.0,0.008055308
JQ95FH0N7ZQ_000020_000030_5.0_7.5,0.00410187
FV7J7_JdYqs_000034_000044_0.0_10.0,0.019974314
kq3sz5uOvns_000208_000218_0.0_5.0,5.329234e-06
-8ju6V8B5Oc_000040_000050_5.0_8.0,0.0051930086
5SW5_gs-h5g_000060_000070_0.0_3.5,0.024693172
pq8Qcgiz2es_000119_000129_4.0_7.0,0.002193019
QupB4NN8fI0_000030_000040_0.0_10.0,0.0126223415
4CVZmsDTqr8_000262_000272_5.0_10.0,0.007675258
Cohzeeft2ek_000340_000350_0.5_3.5,0.0032934973
Ff4yfllWmq4_000010_000020_0.0_3.5,0.0046301847
rbKwpN11dcU_000283_000293_0.5_4.0,0.023585211
oazPmtcHzwQ_000024_000034_0.5_4.5,0.0087995585
f-zF4trKRfQ_000050_000060_6.5_8.5,0.00050608075
ipVVIkve0m4_000041_000051_7.0_10.0,0.001620125
aUX7NmOHq7I_000060_000070_1.0_4.0,0.01178821
UF6FHc1CeqE_000431_000441_0.0_3.0,0.008952273
3vhWXxE_X0M_000028_000038_0.0_7.0,0.03126631
vj3lO7pLOIs_000030_000040_0.0_3.5,0.011903339
68Zk2tTqxbE_000079_000089_0.5_3.5,0.046426184
6vfqtuV6Law_000005_000015_1.0_4.0,0.00028132432
GAPamRQg0FE_000170_000180_0.0_7.5,0.0073765786
8swkDgCkrGs_000006_000016_1.5_8.0,0.002480278
nkzaHK8zfpM_000030_000040_0.5_6.5,0.12573452
hJ7cZigUq84_000030_000040_0.0_4.5,0.098984085
wbXItUDliuo_000087_000097_0.5_3.5,0.0035628232
h0d3HZsVHgg_000205_000215_0.0_4.0,0.009990558
BrNIrhu-yn8_000025_000035_7.0_10.0,0.0016135297
mXNPzQwJ1Lg_000030_000040_2.5_6.5,0.004800459
tIkbDp-xQZk_000105_000115_6.5_10.0,0.0007165638
CJU5llTnYUw_000035_000045_5.0_10.0,0.002109772
3l4alj6RRkM_000547_000557_2.0_6.5,0.0003950305
18rM7nNvjD8_000150_000160_5.0_8.5,0.0075712176
nO9Z_kqsTjs_000083_000093_2.5_5.5,0.0030267627
99DwikhJpcg_000021_000031_4.5_8.0,0.0015418193
Z6e2O3Mk4a8_000069_000079_2.0_5.0,0.0016019272
FHnzqKaX93s_000060_000070_3.0_7.0,0.0046110596
wOCXCBg5otU_001116_001126_1.0_4.5,0.009554737
4QDaiF6qioE_000048_000058_3.5_7.0,0.0006139831
RsYAulhucVI_000022_000032_0.0_10.0,0.002064979
SPZwYtstx_I_000080_000090_2.0_6.5,0.026938664
A4_GBDnZKwo_000212_000222_0.0_3.0,0.00050599215
oIaNEBreHTI_000047_000057_1.5_5.0,0.0032625375
-d1lAtyWGrM_000017_000027_1.5_4.5,0.004403519
muEJOWzBod8_000021_000031_1.0_4.0,0.0027440952
P4prSPyPg1I_000007_000017_0.0_4.0,0.0042091985
VnKBb809id4_000174_000184_6.5_10.0,0.0133003155
TSWb2csbaTI_000027_000037_7.0_10.0,0.0071499264
FUiAOhrm63E_000015_000025_5.0_8.5,0.0005516389
zGiJKRzBG74_000185_000195_0.5_5.0,0.0033544693
Ewb29ij9HFU_000000_000010_0.5_4.5,0.029726949
F3KjVp2lZio_000190_000200_5.0_9.0,0.00065430044
dzYF7gLRnoU_000000_000010_0.0_10.0,0.024913508
2M9-tXoXTcg_000014_000024_5.5_9.0,0.0027107121
0n0zuw8zuW4_000030_000040_5.0_7.5,0.014329139
3E6mwYkb_MQ_000030_000040_1.5_6.0,0.038550887
P484hr4Ed98_000030_000040_1.5_10.0,0.00784064
QS0ijXZn3lM_000008_000018_7.0_10.0,0.0017084653
2HwBdVpuwdE_000360_000370_1.5_4.5,0.08344083
lptpDgCE0N4_000083_000093_1.0_3.0,0.00053616735
6zIM8ZcO1ks_000030_000040_5.0_8.5,0.0023693726
1eVRq4bFKqI_000011_000021_3.5_8.0,0.006835369
2Uv7fWDjWB0_000030_000040_0.0_10.0,0.029831067
-NromfAJyZs_000030_000040_0.0_6.5,0.0074681924
cDnmhQsKYLw_000027_000037_5.5_8.5,0.0009847904
sYBgY4m99P4_000010_000020_0.0_6.0,0.022245558
PXMYoOp4IZw_000105_000115_1.5_4.5,0.00039489064
NRWlHRvaDcQ_000623_000633_0.0_8.5,0.029258635
rFgrOflwKPg_000290_000300_7.0_10.0,0.004093639
hEUBTD8I9jk_000056_000066_0.0_6.0,0.0014125785
AwW31u6wYvE_000019_000029_0.5_6.5,0.0063025965
Ac17vTPGbl0_000114_000124_6.0_10.0,0.0012859699
-hb5BJ9xxBQ_000062_000072_1.0_5.5,0.00540878
F3rn7mVPQPo_000308_000318_2.0_8.0,4.1648076e-05
bLc18GgFNwA_000070_000080_5.0_10.0,0.015195246
edlRpDHkz8A_000030_000040_0.5_8.5,0.020084193
0HWIjjmpVtY_000070_000080_6.0_9.0,0.0027453636
YTfBkI7sVjE_000013_000023_6.0_9.0,0.0053631957
VDuvK0u8XyY_000012_000022_2.0_5.0,0.001966886
0rw4B9Xze28_000040_000050_2.5_10.0,0.0039488147
De3WuHy9jEQ_000165_000175_0.5_3.0,0.0016680936
TX2xLcJgUko_000040_000050_0.0_5.0,0.0029576644
LTgfErWfuYc_000091_000101_1.5_4.5,0.0045724935
13t_QwbCSeo_000390_000400_0.0_3.5,0.01969836
fjj1NqEPR5U_000000_000010_0.0_8.5,0.008675245
3Kjbw5B4Bws_000030_000040_1.0_4.0,0.08367012
Xecb_5XO81Q_000010_000020_0.0_4.5,0.012454512
Mu42VRD1z2o_000030_000040_1.0_8.5,0.02677499
LEpzp8DnWyY_000140_000150_4.5_7.5,0.002774237
JPHLbRPXChk_000030_000040_3.0_5.1,0.04290881
tK9wN6b4MTw_000298_000308_1.5_4.5,0.0005971218
cTuT3fVP6G8_000060_000070_0.0_10.0,0.0064236545
MkJVNXKVqp4_000030_000040_0.0_6.5,0.10743842
5uoAzMT4ZxQ_000030_000040_0.0_3.0,0.03361982
cJjIiQy1uM4_000003_000013_0.0_3.0,0.002292988
84-Mxkujakc_000076_000086_0.0_5.0,0.051736936
c2S1Iyoxc2I_000135_000145_4.0_8.0,0.00085896306
NupVmxoofis_000180_000190_6.0_10.0,0.02262525
rgeNP5nGQek_000200_000210_5.5_10.0,0.00816617
eDRb3RkrlhY_000003_000013_0.0_4.0,0.0009805437
KrAqLdfabus_000436_000446_1.5_6.0,0.0018587486
iETRoK0dKxs_000020_000030_6.0_10.0,0.0066495934
a3Iqv8K0_XE_000030_000040_4.0_8.5,0.00051729154
y7DyD_4zaq4_000234_000244_0.5_3.5,0.0044890842
6VExUsXQWDE_000075_000085_1.5_4.5,0.030775173
Y3wPVm9T6K8_000030_000040_0.0_3.0,0.0002873372
V0QCCLD_0s8_000130_000140_3.0_7.0,0.0041411826
04TBpsFSwQ8_000019_000029_4.0_7.5,0.001261614
0_I6B2Z0rE4_000054_000064_0.0_4.0,0.0010641856
K3vQVtQElqA_000000_000010_5.0_8.0,0.0017928742
3AQFAFy1RCw_000030_000040_7.9_10.0,0.0044552707
jC-pCAs7cWA_000000_000010_0.0_5.0,0.0067781997
cTuT3fVP6G8_000071_000081_0.0_9.0,0.010763228
yV1P9fZ9_os_000035_000045_4.0_7.0,0.0034055526
67rx_-m3NaE_000153_000163_1.0_5.0,0.00016169171
tx7XKy_4f4c_000005_000015_4.0_7.0,0.0069633755
7fRtJxP6dG0_000001_000011_3.5_6.5,0.08051934
EkSuELnoKUo_000000_000010_5.5_9.0,0.0039527686
PUTvgrTcdZ0_000014_000024_3.0_8.5,0.00068491185
3-M_MA09Tgc_000018_000028_1.5_5.0,0.008608873
VU4fJ98V0y4_000030_000040_2.5_5.5,0.0036391509
stnD0ZE3bAQ_000030_000040_2.0_6.5,0.0031781967
CocisZxgkVU_000022_000032_1.0_4.5,0.0020820918
0Stq3XQqmYE_000010_000020_2.0_5.0,0.0051980894
tLU0E9iFu28_000043_000053_1.5_5.0,0.006051955
NSYSX_7fwag_000030_000040_0.0_10.0,0.0015635064
0aA8V88_djQ_000010_000020_1.5_4.5,0.0050633596
_qw_BNJSc0w_000090_000100_3.0_6.5,0.02409722
XCcB-gEsCbc_000053_000063_0.0_4.5,0.011554037
Z1ce4xpvtEo_000010_000020_4.5_7.5,4.9544593e-05
TxoApYOGe6c_000420_000430_3.0_9.5,0.051652588
jMZTET3zw88_000048_000058_4.0_7.0,0.004458674
dQMmgbKQG5Y_000130_000140_0.0_10.0,0.023582406
L0xtW3JaAdY_000619_000629_4.0_9.5,0.10236309
2bGx-xBewt8_000035_000045_2.5_6.0,0.0031505371
A-x6OnU8UR4_000012_000022_0.0_7.5,0.0023973754
VvHMFIeImLw_000147_000157_1.0_3.1,0.0014144061
6VExUsXQWDE_000075_000085_0.0_3.5,0.04806575
gqXYzEaLryQ_000070_000080_0.0_5.0,0.0077954703
RV9axi44Qms_000000_000010_2.5_6.0,0.0020571095
5WbYvoqG3fo_000074_000084_0.0_4.0,0.0030120732
k8uKrFhh6I8_000050_000060_0.0_4.5,0.043567076
2baznhAyEsg_000014_000024_5.5_8.5,0.0026869476
Vth_INW_-Hk_000137_000147_0.0_3.0,0.001669344
IYhvCyjM29g_000004_000014_6.5_9.0,0.002273506
YpOiSBMXn3o_000060_000070_1.5_4.5,0.018901572
OEaI9V7w_0k_000000_000010_0.5_3.5,0.0064547607
6wHFhrAqt5Q_000023_000033_0.0_4.0,0.0038701396
NI4Xnxm0xNU_000189_000199_0.0_8.5,0.06309845
O3FBuQrOGQY_000025_000035_1.0_8.5,0.0048067025
II85Ieg2TYc_000070_000080_6.5_10.0,0.0063482923
klTUJ7bIdJo_000009_000019_1.5_4.5,0.0116464915
jR9cNCNzLlk_000026_000036_4.0_10.0,0.02793657
NahtVXWXt3E_000568_000578_0.0_3.0,0.0049336557
l6fdu0r3rT0_000001_000011_2.0_5.0,0.0021685092
TnTNq8LpqbI_000040_000050_0.0_4.0,0.009138168
y8Vsv7S9hbA_000002_000012_4.4_6.5,0.005217019
XfghHEgntWU_000010_000020_0.0_3.0,0.029822612
99DwikhJpcg_000011_000021_2.5_5.5,0.00064083014
GXyAFwf0nI8_000014_000024_0.0_3.0,0.0025243822
BH_ngeh2_dI_000182_000192_1.5_4.5,0.0045104055
BCcdatk468s_000070_000080_0.0_8.0,0.014034298
ZXfy6ASZKQU_000262_000272_5.5_9.5,0.00026352998
YOrImbuhsQ8_000049_000059_1.0_4.0,0.0054209954
6MBc6UrEv5Y_000000_000010_4.5_7.5,0.004452416
Ac17vTPGbl0_000102_000112_7.0_10.0,0.0069963783
4sfsHozMcEo_000165_000175_4.0_9.5,0.018331898
HhnDdPU7KZE_000117_000127_6.5_9.5,0.003983551
17ivLGFukBc_000030_000040_0.0_9.5,0.026522934
8SsqNY0_dHM_000024_000034_3.5_7.5,0.0038343857
gJp7a_muHs0_000542_000552_0.0_4.5,0.0044760373
LeMDBew5Jmk_000010_000020_4.0_8.0,0.012207897
AcYnwtT1rzA_000057_000067_0.0_6.0,0.0024238632
_24ZCVoC2cY_000120_000130_1.0_7.0,0.01785039
Mr3usoMgUd0_000038_000048_4.5_7.5,1.418405e-05
C9n__zk2DY8_000061_000071_1.0_8.5,0.0031269959
74BDV0z_bvw_000030_000040_0.5_9.5,0.038334906
fw_ax5zqw9g_000100_000110_0.0_10.0,0.0046251887
G6FxoIbhWUA_000030_000040_0.0_3.0,0.0062057073
5bnBbZIyCVs_000003_000013_3.0_6.0,0.0060468116
Ox2O7TbQ-WE_000043_000053_0.0_3.0,0.0014505186
a02EQgiGng4_000039_000049_1.5_4.5,0.0031887086
K-Zg1-fR9kU_000088_000098_3.0_6.0,0.0
YX4MzUOPA8U_000094_000104_7.0_10.0,0.0016371284
NcIR-UiXJI0_000030_000040_0.0_5.0,0.005397281
PFJdUid8GYk_000196_000206_0.0_8.5,0.0063370476
xTtA7PLoDdU_000003_000013_3.5_7.0,0.0016869811
nlq4BIE0Lro_000029_000039_1.8_4.0,8.363261e-08
W9i_ClLj4F8_000008_000018_0.0_10.0,0.0073605888
5O_5DPVvtho_000140_000150_3.0_7.0,0.1036593
EnFYztu2dBc_000002_000012_0.0_10.0,0.011826194
A6GuZLAVqbI_000110_000120_0.0_3.5,1.8455114e-05
8SsqNY0_dHM_000024_000034_2.5_5.5,0.0018190673
OHaIImLkMrg_000218_000228_1.5_5.5,0.0015313305
oH8jVitp0YU_000020_000030_0.5_3.5,0.00067096483
wi6IUu57w2E_000030_000040_0.5_8.5,0.011982411
Prw5a9KZr_Q_000014_000024_1.0_4.5,0.024196057
T6sSJ75v9wE_000027_000037_0.0_4.0,8.296199e-05
BleBqimXGdw_000012_000022_1.0_5.0,0.00077567523
HRe6-Vgsj6Y_000225_000235_4.5_8.5,0.010094804
zjiBh4A4K4E_000135_000145_3.5_6.5,0.007230098
57Q_RHO0qA8_000000_000010_1.5_4.5,0.00032004633
340EYwluUio_000050_000060_0.5_3.5,0.013419607
qDoMWd3OS5Q_000014_000024_1.0_10.0,0.0016136768
be1xym_lfd8_000030_000040_3.0_9.5,0.048504133
oQevoTroj0U_000108_000118_0.0_2.0,0.00077917473
3mPPyrXA60o_000000_000010_4.0_7.0,0.0015573001
Ft93ncEBpGo_000184_000194_0.0_3.0,0.0008477812
GwlX_hzX6q4_000044_000054_1.5_10.0,0.005425322
Wn6fiWygi7I_000118_000128_7.0_10.0,0.0062902467
St1SiC_WmzQ_000007_000017_1.0_4.0,0.0018334184
xru0ei34zcI_000097_000107_1.5_5.0,0.00068208436
972YYivcGF0_000030_000040_4.5_7.5,0.01948515
Cs24AWKFF1c_000000_000010_1.5_5.0,0.007405472
7wkEs6ZntW4_000034_000044_0.0_3.5,0.0022980955
YAKvKogi_3s_000030_000040_6.0_10.0,0.0015234486
kFFJ00Bb6f4_000000_000010_0.5_3.5,0.0008827745
Qra01VkBoro_000320_000330_1.5_4.5,0.0137000345
-AWooU1PDiM_000070_000080_0.0_6.5,0.014346091
IW-ELVOdAjY_000030_000040_0.5_10.0,0.27279803
DAZ-W7RP4N0_000002_000012_4.0_8.0,0.0046929996
y91DmqNJupw_000052_000062_3.0_10.0,0.0029408312
2eEPiCh9bZo_000090_000100_7.0_10.0,1.3413444e-05
irN1qoE3-uQ_000004_000014_3.0_6.0,0.0026564673
J2L9eJ-h9DY_000030_000040_0.0_3.0,0.28271055
rW42LPtspzs_000280_000290_0.5_6.0,0.014985852
63Yp1mEiLwU_000012_000022_0.0_3.0,0.008856284
7lVMcFjoOL4_000096_000106_6.0_9.0,0.00055476173
afMLrxgCLAg_000001_000011_2.5_5.5,0.00031594443
0ms8GQ5eiho_000022_000032_3.5_6.5,0.003364029
9XxdLJCvRwI_000004_000014_0.0_3.5,0.0044699195
LSA8ZgjlFJ0_000080_000090_0.0_3.0,0.00056682224
_ndvkNuB76U_000051_000061_1.5_6.5,0.020591758
Di1F8GUvEtg_000030_000040_1.0_8.5,0.02356981
IvPbQdbsQUI_000331_000341_1.5_4.5,0.0001508918
EFKRvfkyyxE_000030_000040_1.0_7.5,0.26254022
KWycgaVeTK8_000000_000010_0.0_5.0,0.0021459209
4zSpvvvFNRw_000050_000060_7.0_10.0,0.012452825
9BWk_znR_34_000000_000010_5.5_9.5,0.0013524345
Ie8zudWfCMc_000069_000079_1.3_3.5,0.007522847
aAnCOKxPgaA_000140_000150_2.0_10.0,0.0036086815
Ew71HjD-tgA_000020_000030_0.5_8.0,0.00545037
kH_Dx698psc_000036_000046_0.0_5.0,0.00011574726
_7fB2-S7sC0_000124_000134_0.0_4.5,0.0033825538
Ju_gj249-iY_000191_000201_1.5_10.0,0.010175372
EqRLucGfvYA_000190_000200_0.5_10.0,0.017165337
dbGDAXd6nV8_000060_000070_0.0_3.0,0.014337447
wL9iPWb9Reg_000200_000210_0.0_6.0,0.0021003128
5V51JifwW48_000050_000060_3.0_6.0,0.0048540845
FWxMWNFsdqk_000448_000458_1.0_4.0,0.0021748296
Vo2_AA-XGr8_000039_000049_1.5_4.0,0.009603208
Usp6FviebGg_000015_000025_0.0_7.0,0.006960821
Z2rXOJuTXOE_000073_000083_3.5_8.0,0.0009026705
Iyt_2Z9QrXM_000018_000028_3.0_6.0,0.0026085633
3G_gh1HuDZI_000030_000040_1.5_4.5,0.020655008
QgKvCb4fCIs_000060_000070_0.0_4.0,0.036057662
9-_m04dlwsM_000030_000040_0.5_3.0,0.029285854
17-jQfwBk44_000202_000212_4.0_6.0,0.003949072
D3UAF0gje7Q_000119_000129_0.5_4.0,0.00086756184
SLl3-jvTmBk_000068_000078_0.5_5.5,5.649796e-06
LfNUJZh10oo_000025_000035_0.0_3.0,0.011814326
KJIqrmcwHqU_000025_000035_0.0_3.5,0.008175524
8ALwSP590T8_000016_000026_3.0_6.5,0.002934662
077_m7wNT3I_000020_000030_7.0_10.0,0.0068635745
hnfkbigyqIo_000055_000065_3.0_7.0,0.006370536
Ubz-zCifh_U_000000_000010_0.0_3.0,0.010405114
0iSY-w0-haA_000220_000230_0.5_4.0,0.01395057
RZh0WJEh-9w_000070_000080_4.5_7.5,0.0022422988
2C4P_aYRC0o_000006_000016_1.5_10.0,0.0013865122
hOuz8kTTCj0_000190_000200_0.0_3.0,0.043186508
1a7qNq6twtk_000069_000079_3.0_8.5,0.041207936
JafJNj8G0us_000032_000042_5.5_8.5,0.0032965918
pk8TeYzd0T4_000008_000018_0.0_4.5,0.0022511336
Gwlez841U_I_000007_000017_0.0_3.0,0.009460105
SFnVnnubE0M_000030_000040_0.5_3.5,0.16851488
uNM7GDdcVUs_000180_000190_1.0_9.0,0.06482506
vmyDvXhBuYE_000230_000240_3.0_9.5,0.034603685
s2oC2fJOytc_000168_000178_1.5_4.0,0.0022986773
INakOVhEFtY_000025_000035_0.0_5.5,0.0017432101
KOIbWuGgTl4_000168_000178_7.0_9.1,0.0068319514
l3f0RJTUJk8_000170_000180_5.5_8.5,0.08567726
TaXGnHoNBQI_000104_000114_0.0_4.5,0.00052241003
CpKmvzqO8jU_000000_000010_1.0_4.0,0.04342067
jpSY5EicwdE_000157_000167_0.0_10.0,0.035522982
Xmm6UGn8ku0_000041_000051_2.5_4.8,0.004875365
LDMobRKsq2w_000126_000136_2.5_5.5,0.0
ZzuFHJpu7eM_000443_000453_1.0_5.0,0.0024713445
nbDwpdmdf_4_000000_000010_2.0_6.5,0.0053399843
iab-jyDNEBM_000020_000030_4.0_7.5,0.022163635
QhbMdt7tBXc_000030_000040_3.0_6.0,0.015754024
A24InXJHgOk_000028_000038_0.0_9.0,0.0024062989
xL91MHa3Rz0_000380_000390_0.0_3.0,0.006662225
AUG9XJrYopM_000000_000010_0.0_3.0,0.00042725902
2WnPwsQ1Ku4_000006_000016_4.5_8.0,0.0015382834
xmpQBOEV9-Q_000119_000129_4.0_8.0,0.0018049125
OEi1wfDkUps_000030_000040_1.5_10.0,0.0962226
c-b70nmvK5k_000005_000015_2.5_5.5,0.0026983782
a3Iqv8K0_XE_000013_000023_4.0_8.5,0.00033904702
XcFKQKjv0-o_000024_000034_5.0_10.0,0.0034232186
RvE_Q8PGevQ_000000_000010_3.5_10.0,0.0010595828
63udpxlsx5I_000030_000040_3.5_6.5,0.17904809
5-teLbuojYY_000030_000040_0.0_5.5,0.06040637
AYwvKymS-BU_000080_000090_2.0_5.0,0.005540255
zBeMgfK69C8_000030_000040_2.0_6.0,0.0004633925
1fGWL1Z-aOc_000099_000109_0.0_4.5,0.005208006
P2GpecJsMqk_000030_000040_1.5_9.5,0.011640123
-INNrk4mik4_000031_000041_7.0_10.0,0.004018785
Jp_RgVOO3xU_000170_000180_5.0_9.0,0.0047469153
HQSSYxEhEpI_000020_000030_1.0_9.0,0.016229037
NqLyRSDvVE0_000284_000294_0.5_4.5,0.00050393515
WNv7DjEF0YA_000030_000040_0.5_7.0,0.0055937995
0YD0eCg1cXc_000000_000010_4.5_8.0,0.0039240737
MgD5JedaXGs_000020_000030_0.0_3.5,0.018587288
Iuaa8zzjW8E_000037_000047_1.5_4.5,0.0077282605
iHGQEs_HCyU_000028_000038_0.0_3.5,0.006744208
d6X5YC3WhNo_000072_000082_7.0_9.5,0.0023285383
B6kHGmBYycY_000030_000040_0.0_4.0,0.026790638
rEYy1mry2VE_000061_000071_3.0_6.0,0.00023466547
g1xMvAh1ifE_000066_000076_2.5_5.5,0.00057002465
whv7_DqzFFw_000300_000310_7.0_10.0,0.003451148
YTbGgxxln6g_000027_000037_0.0_7.0,0.003916075
KxnOBDMruGw_000092_000102_3.0_6.0,0.00268792
CKihLMuCGHM_000091_000101_0.0_3.0,0.0035392987
r47N9mdOeXc_000030_000040_1.5_8.0,0.16918564
G7StfbQcxDU_000006_000016_0.0_10.0,0.0033551676
noyRt75VF74_000030_000040_2.5_7.5,0.10694216
gIiYXtaVfG0_000151_000161_0.0_10.0,0.019629356
ppGxSt49hRY_000140_000150_6.5_9.5,0.011932809
F-p8xsDSjnw_000030_000040_0.0_4.5,0.0056326385
Fqy0eMO3-rQ_000073_000083_4.5_10.0,0.0014036369
snSl73J_PJk_000110_000120_0.0_3.0,0.025564376
kyBbxnZ3tm4_000009_000019_0.0_9.0,0.03411264
Cd6ao8qvL60_000003_000013_0.0_4.5,0.029692946
z4xng2gX3y8_000000_000010_0.5_10.0,0.012958926
9gRG7ZAukX4_000060_000070_0.0_3.0,0.02074604
To65UOxcp1I_000028_000038_2.0_6.5,0.1804999
Bs6a7tENmJQ_000040_000050_5.5_8.5,0.0056801043
SQfTvzvUJ6k_000006_000016_4.5_7.5,0.0038800025
PESOZDnR-d4_000017_000027_2.8_8.5,0.014743126
NqLyRSDvVE0_000224_000234_0.0_3.0,0.0014362296
A-8pkI7qcLo_000092_000102_3.0_6.0,0.002667311
d6X5YC3WhNo_000072_000082_3.5_6.0,0.00023985548
7HHCf9-HBiA_000000_000010_7.0_10.0,0.0017095624
2ffgd7k0vI8_000040_000050_2.0_5.0,0.0011968655
fIzqm8CUV3k_000069_000079_1.5_5.5,0.00047974393
-eeHCs9RqiU_000025_000035_0.0_2.25,0.0030985929
VX6FSbdWqlE_000030_000040_1.5_8.5,0.029413989
CDWFu6k3Fyc_000305_000315_3.0_8.0,0.00110817
8TpjFOi9EgY_000010_000020_0.0_10.0,0.015982525
PhWzk0228dc_000122_000132_0.0_5.0,0.0048328447
Q_5zCyGxMUA_000187_000197_3.0_6.0,0.000102138896
wACpmqrFZfA_000030_000040_3.0_7.0,0.010022864
taVKHcgqUew_000001_000011_3.5_6.5,5.384766e-05
VNs8qiFvwfk_000030_000040_2.5_6.0,0.00043131993
C7ybHpzT-Wc_000018_000028_3.0_10.0,0.0040355017
-QlgGKvOyqs_000073_000083_3.5_7.5,0.0051861773
j_vYvL6VH8g_000012_000022_0.5_4.0,0.0034742765
NahtVXWXt3E_000378_000388_1.0_3.5,0.014036535
PsNdGNLI5Hs_000129_000139_1.5_5.0,0.0034806943
CkxunRx3_-o_000000_000010_5.0_8.0,0.0022556877
6jsrzHghu3s_000000_000010_4.5_9.0,0.003816938
GoImCFehKpE_000089_000099_5.5_9.0,0.0031029184
VMDD0ZErfMM_000030_000040_3.0_9.0,0.07748455
J7pFwJGBF6c_000100_000110_0.0_9.0,0.023773769
-BpMHfa2Saw_000030_000040_0.0_8.0,0.07676454
2zJiY9Mqhtc_000113_000123_3.0_5.5,0.00012287298
KF5WlKBE-og_000115_000125_1.0_10.0,0.017552737
AfPPvn41T38_000028_000038_0.5_10.0,0.041841213
CJU5llTnYUw_000010_000020_0.0_6.5,0.001817544
NgAjity9FRs_000001_000011_5.0_8.5,0.0069376016
7KSXUptBBYQ_000090_000100_4.0_8.0,0.008514221
b_R_INLM6a4_000030_000040_2.5_7.5,0.03044389
AF3kUFbe998_000030_000040_0.0_3.0,0.046018116
FemvwHjqT0E_000030_000040_0.0_4.0,0.058136072
T0FNLDWBlSU_000081_000091_4.0_6.5,0.0037406792
jvIuht_NQmI_000089_000099_1.0_4.0,0.0034612312
H89ccT4SmFc_000000_000010_0.5_4.0,0.0038539942
0wIFDj6C1BI_000030_000040_1.0_4.5,0.070219
fesUcNK6Nf0_000117_000127_7.0_10.0,0.0009764725
XYwcQhvLubY_000040_000050_1.0_10.0,0.0036267075
ZDQSxYmgyAo_000499_000509_5.5_9.5,0.0019699656
ObRt7G0CEbY_000100_000110_6.5_10.0,0.027125437
vNH2yj87FJA_000009_000019_0.0_4.0,0.008166749
PlsgUJqm8HE_000030_000040_0.5_6.0,0.0025408044
PvnP164MdVM_000070_000080_6.0_9.0,0.0015579993
NdM4CrObHE0_000022_000032_5.5_9.0,0.0005284898
dhy3Cf2gcX8_000375_000385_1.5_4.5,0.0005659256
